Discogs ID,Artist,Title,Year,Genre,Format,Cover URL,Thumb URL
3068785,Augustus Pablo,This Is Augustus Pablo,2011,Reggae,Vinyl,https://i.discogs.com/15aqwiUEUaq5W0kFSCOdhmXgBjyeG4Bq3aJFVDt2tHo/rs:fit/g:sm/q:90/h:300/w:299/czM6Ly9kaXNjb2dz/LWRhdGFiYXNlLWlt/YWdlcy9SLTMwNjg3/ODUtMTMyODg5MjE0/MC5qcGVn.jpeg,https://i.discogs.com/AESPi0HqFR2cLVt_63aniCjnKtOn_05cseRKYv3JBKs/rs:fit/g:sm/q:40/h:150/w:150/czM6Ly9kaXNjb2dz/LWRhdGFiYXNlLWlt/YWdlcy9SLTMwNjg3/ODUtMTMyODg5MjE0/MC5qcGVn.jpeg
712158,Kinsman Dazz,Dazz,1979,Funk / Soul,Vinyl,https://i.discogs.com/nNGy5Y9DoLVT6kSdhBuuwhVczf_lNFg3yp1mnsCgozg/rs:fit/g:sm/q:90/h:600/w:600/czM6Ly9kaXNjb2dz/LWRhdGFiYXNlLWlt/YWdlcy9SLTcxMjE1/OC0xNDAwMzcxOTEy/LTMzMzYuanBlZw.jpeg,https://i.discogs.com/n_iDkCwKZvm4tOBANLpfDX5nmrglpKSrkS4aV863dNk/rs:fit/g:sm/q:40/h:150/w:150/czM6Ly9kaXNjb2dz/LWRhdGFiYXNlLWlt/YWdlcy9SLTcxMjE1/OC0xNDAwMzcxOTEy/LTMzMzYuanBlZw.jpeg
442490,The Police,Synchronicity,1983,Rock,Vinyl,https://i.discogs.com/-_zH6T6k8_SOb1j23-CZcOkfzkwuKyv1716V3LNiiZU/rs:fit/g:sm/q:90/h:600/w:600/czM6Ly9kaXNjb2dz/LWRhdGFiYXNlLWlt/YWdlcy9SLTQ0MjQ5/MC0xMzMyNTYxOTE1/LmpwZWc.jpeg,https://i.discogs.com/m0dh-YjmQzWvunwSsopsX0zlk3g9Hf1XwP7Q0e8OhN4/rs:fit/g:sm/q:40/h:150/w:150/czM6Ly9kaXNjb2dz/LWRhdGFiYXNlLWlt/YWdlcy9SLTQ0MjQ5/MC0xMzMyNTYxOTE1/LmpwZWc.jpeg
1022839,The Tubes,Young And Rich,1976,Rock,Vinyl,https://i.discogs.com/MWVA1sN3kYzEuB49c088DA6dU_049FPt8C2YxcVkfJA/rs:fit/g:sm/q:90/h:595/w:600/czM6Ly9kaXNjb2dz/LWRhdGFiYXNlLWlt/YWdlcy9SLTEwMjI4/MzktMTQxMTk2MDk5/My02ODE2LmpwZWc.jpeg,https://i.discogs.com/JFb3I8agcy0c22ZfUKcrtAj5S7KVmiJJ4L6ORhz4Yzs/rs:fit/g:sm/q:40/h:150/w:150/czM6Ly9kaXNjb2dz/LWRhdGFiYXNlLWlt/YWdlcy9SLTEwMjI4/MzktMTQxMTk2MDk5/My02ODE2LmpwZWc.jpeg
611451,Carpenters,The Singles 1969-1973,1973,Rock,Vinyl,https://i.discogs.com/mv3jvx2uWoNi71Tv9rBCk3YZpS-BFeJjnvYdnFM-2HE/rs:fit/g:sm/q:90/h:596/w:600/czM6Ly9kaXNjb2dz/LWRhdGFiYXNlLWlt/YWdlcy9SLTYxMTQ1/MS0xMjIyNjkxNzMw/LmpwZWc.jpeg,https://i.discogs.com/IEv7ab527SgZxRLoNqEXCzqNsWtsQBsoQT2jMpxa08U/rs:fit/g:sm/q:40/h:150/w:150/czM6Ly9kaXNjb2dz/LWRhdGFiYXNlLWlt/YWdlcy9SLTYxMTQ1/MS0xMjIyNjkxNzMw/LmpwZWc.jpeg
1473508,The Mamas & The Papas,Hits Of Gold,1974,Rock,Vinyl,https://i.discogs.com/Rw-H_-bT8If3Ye9b_WSAR1j0dYzXKdDct8eH3emmLxc/rs:fit/g:sm/q:90/h:593/w:600/czM6Ly9kaXNjb2dz/LWRhdGFiYXNlLWlt/YWdlcy9SLTE0NzM1/MDgtMTY0ODc2MDM0/MS0zNTM2LmpwZWc.jpeg,https://i.discogs.com/oJJQXd5wrZCb8t3ih0zs7wn8b-eREd5O3CBOb6mFNVY/rs:fit/g:sm/q:40/h:150/w:150/czM6Ly9kaXNjb2dz/LWRhdGFiYXNlLWlt/YWdlcy9SLTE0NzM1/MDgtMTY0ODc2MDM0/MS0zNTM2LmpwZWc.jpeg
4290679,Steely Dan,Can't Buy A Thrill,1974,Rock,Vinyl,https://i.discogs.com/X6YxT_WeaVjj_l5ALhkenAZZcqp4h-FZ6wjdZ16rS4E/rs:fit/g:sm/q:90/h:496/w:500/czM6Ly9kaXNjb2dz/LWRhdGFiYXNlLWlt/YWdlcy9SLTQyOTA2/NzktMTQyMjQ4Mzc3/NC01NDgxLmpwZWc.jpeg,https://i.discogs.com/QJJzx7Ius7xSZ7hknWjWj1xw57htJT3bErelqNU8rqU/rs:fit/g:sm/q:40/h:150/w:150/czM6Ly9kaXNjb2dz/LWRhdGFiYXNlLWlt/YWdlcy9SLTQyOTA2/NzktMTQyMjQ4Mzc3/NC01NDgxLmpwZWc.jpeg
4383259,John Lennon,Shaved Fish,1975,Rock,Vinyl,https://i.discogs.com/7siMxbq1lgdT37JRo8Pj0oJgFBjIs9IIOrx0YnKHVuI/rs:fit/g:sm/q:90/h:596/w:600/czM6Ly9kaXNjb2dz/LWRhdGFiYXNlLWlt/YWdlcy9SLTQzODMy/NTktMTY2NjgxMTUy/OC02NTk3LmpwZWc.jpeg,https://i.discogs.com/4l5Hr-7l7zs45BjTE7S2an25PS8rKrrLUli9gHvkiLo/rs:fit/g:sm/q:40/h:150/w:150/czM6Ly9kaXNjb2dz/LWRhdGFiYXNlLWlt/YWdlcy9SLTQzODMy/NTktMTY2NjgxMTUy/OC02NTk3LmpwZWc.jpeg
453773,Sky (4),Sky 2,1980,Rock,Vinyl,https://i.discogs.com/Dp28n35Dq_k54jIBKSoxn9-fWkm63FBjQYKHAT3dtPQ/rs:fit/g:sm/q:90/h:600/w:599/czM6Ly9kaXNjb2dz/LWRhdGFiYXNlLWlt/YWdlcy9SLTQ1Mzc3/My0xMzM2MjI3OTU5/LmpwZWc.jpeg,https://i.discogs.com/8nglyBAzRC9RA-cEPfg4Q6eWtCbS_AqZIWQDrh9d2pg/rs:fit/g:sm/q:40/h:150/w:150/czM6Ly9kaXNjb2dz/LWRhdGFiYXNlLWlt/YWdlcy9SLTQ1Mzc3/My0xMzM2MjI3OTU5/LmpwZWc.jpeg
773190,The Alan Parsons Project,I Robot,1977,Rock,Vinyl,https://i.discogs.com/5-QoHy8gAr3amY2zdneDOaCvcQ6Oa7r6R-Z-p3c0W8g/rs:fit/g:sm/q:90/h:600/w:600/czM6Ly9kaXNjb2dz/LWRhdGFiYXNlLWlt/YWdlcy9SLTc3MzE5/MC0xNDYzMjQyNzk3/LTgxNDQuanBlZw.jpeg,https://i.discogs.com/qxGop9Uvn_i-4H27z0-y7SrNWhcIf8rpPDbY1KzNF_0/rs:fit/g:sm/q:40/h:150/w:150/czM6Ly9kaXNjb2dz/LWRhdGFiYXNlLWlt/YWdlcy9SLTc3MzE5/MC0xNDYzMjQyNzk3/LTgxNDQuanBlZw.jpeg
6339387,Jackson Browne,The Pretender,1976,Rock,Vinyl,https://i.discogs.com/xMgXIf777QeMm0K6thn0NvZmAjZrHmAJDXlb1cIK7c8/rs:fit/g:sm/q:90/h:599/w:600/czM6Ly9kaXNjb2dz/LWRhdGFiYXNlLWlt/YWdlcy9SLTYzMzkz/ODctMTQxNjgzNzUy/NS05MDg1LmpwZWc.jpeg,https://i.discogs.com/I90uNHqzSvIBhSH2LPKt6yfXyY8QIp0EB2lZNPjgwcs/rs:fit/g:sm/q:40/h:150/w:150/czM6Ly9kaXNjb2dz/LWRhdGFiYXNlLWlt/YWdlcy9SLTYzMzkz/ODctMTQxNjgzNzUy/NS05MDg1LmpwZWc.jpeg
588440,Eagles,Hotel California,1976,Rock,Vinyl,https://i.discogs.com/VBdQTrnpsT1aARs9lBt2dfJNKlF82yunQQMxg-97M2Q/rs:fit/g:sm/q:90/h:600/w:600/czM6Ly9kaXNjb2dz/LWRhdGFiYXNlLWlt/YWdlcy9SLTU4ODQ0/MC0xMjg2NTQ5NzI1/LmpwZWc.jpeg,https://i.discogs.com/eEUrBHJbB4BNDFHZzas-t1x__XIHfhH6pTut1uYfgFc/rs:fit/g:sm/q:40/h:150/w:150/czM6Ly9kaXNjb2dz/LWRhdGFiYXNlLWlt/YWdlcy9SLTU4ODQ0/MC0xMjg2NTQ5NzI1/LmpwZWc.jpeg
12446763,Honne,Love Me / Love Me Not,2018,Blues,Vinyl,https://i.discogs.com/Ieez8nozjLiMGnZpZAr9YH6EFex4ftSbhE7lQF9PFaI/rs:fit/g:sm/q:90/h:594/w:600/czM6Ly9kaXNjb2dz/LWRhdGFiYXNlLWlt/YWdlcy9SLTEyNDQ2/NzYzLTE1MzU3MjM3/NTctOTU1Ni5qcGVn.jpeg,https://i.discogs.com/lSCERliZ4n0wfOFQUlZU6MqF02U4arG_K9qcbR5lAQY/rs:fit/g:sm/q:40/h:150/w:150/czM6Ly9kaXNjb2dz/LWRhdGFiYXNlLWlt/YWdlcy9SLTEyNDQ2/NzYzLTE1MzU3MjM3/NTctOTU1Ni5qcGVn.jpeg
1943717,Sonny & Cher,Look At Us,1965,Rock,Vinyl,https://i.discogs.com/-NaZ2anSjJxFoxRfQuhw8t6CbmBLHmHg5W80wwvAJxE/rs:fit/g:sm/q:90/h:600/w:600/czM6Ly9kaXNjb2dz/LWRhdGFiYXNlLWlt/YWdlcy9SLTE5NDM3/MTctMTQ5MTg0NTA1/OC00MTMwLmpwZWc.jpeg,https://i.discogs.com/-hhDTeKLb8JOjyCY7jwYWf-ntamlbURu_FIQyiJW3pw/rs:fit/g:sm/q:40/h:150/w:150/czM6Ly9kaXNjb2dz/LWRhdGFiYXNlLWlt/YWdlcy9SLTE5NDM3/MTctMTQ5MTg0NTA1/OC00MTMwLmpwZWc.jpeg
8855958,Honne,Warm On A Cold Night,2016,Electronic,Vinyl,https://i.discogs.com/DPJbI9HEPiDNOOvpjGcIG2_XtHSFY-1hCGdyTzjMLak/rs:fit/g:sm/q:90/h:600/w:600/czM6Ly9kaXNjb2dz/LWRhdGFiYXNlLWlt/YWdlcy9SLTg4NTU5/NTgtMTQ3MDE5MjUy/Ny0xODI0LmpwZWc.jpeg,https://i.discogs.com/0_Tq_tA-xysvR3brtDx1xScsd4VD9atZN7AnsD2dptA/rs:fit/g:sm/q:40/h:150/w:150/czM6Ly9kaXNjb2dz/LWRhdGFiYXNlLWlt/YWdlcy9SLTg4NTU5/NTgtMTQ3MDE5MjUy/Ny0xODI0LmpwZWc.jpeg
7404970,Not The Nine O'Clock News,Not The Nine O'Clock News...,1980,Stage & Screen,Vinyl,https://i.discogs.com/oNJKCnwS_3Tu0mRae_T1nVm6fGbhCRrs24BD30mUNGQ/rs:fit/g:sm/q:90/h:602/w:600/czM6Ly9kaXNjb2dz/LWRhdGFiYXNlLWlt/YWdlcy9SLTc0MDQ5/NzAtMTQ0MDc5NjA1/Ni02Njc2LmpwZWc.jpeg,https://i.discogs.com/eVAI9OAI4rmZTuF9CO-PwAaIrniWq7uL8U3p_2Njl5Q/rs:fit/g:sm/q:40/h:150/w:150/czM6Ly9kaXNjb2dz/LWRhdGFiYXNlLWlt/YWdlcy9SLTc0MDQ5/NzAtMTQ0MDc5NjA1/Ni02Njc2LmpwZWc.jpeg
606466,Not The Nine O'Clock News,Not The Nine O'Clock News...,1980,Stage & Screen,Vinyl,https://i.discogs.com/uVexIXec517t_pCt7EBcB5X1sbxqXUv8hIzWMwjA57U/rs:fit/g:sm/q:90/h:600/w:600/czM6Ly9kaXNjb2dz/LWRhdGFiYXNlLWlt/YWdlcy9SLTYwNjQ2/Ni0xMjAxMTIwNDYw/LmpwZWc.jpeg,https://i.discogs.com/WZ_Ead-kdwuH6kgIya9xTwAYs-L3JjEDBz1WUFlt6XE/rs:fit/g:sm/q:40/h:150/w:150/czM6Ly9kaXNjb2dz/LWRhdGFiYXNlLWlt/YWdlcy9SLTYwNjQ2/Ni0xMjAxMTIwNDYw/LmpwZWc.jpeg
2922191,Metronomy,The English Riviera,2011,Electronic,Vinyl,https://i.discogs.com/EqDSCfVIxxlBrD700DglAihD7_To3cBa9zUR_DKGtIs/rs:fit/g:sm/q:90/h:599/w:600/czM6Ly9kaXNjb2dz/LWRhdGFiYXNlLWlt/YWdlcy9SLTI5MjIx/OTEtMTM1MTc3ODY0/NS0zNjI4LmpwZWc.jpeg,https://i.discogs.com/CpTlDoQESUtZhCDhD1BTJcIbIJq6Zd75kDXtlfLlZtw/rs:fit/g:sm/q:40/h:150/w:150/czM6Ly9kaXNjb2dz/LWRhdGFiYXNlLWlt/YWdlcy9SLTI5MjIx/OTEtMTM1MTc3ODY0/NS0zNjI4LmpwZWc.jpeg
12020608,Kamaal Williams,The Return,2018,Jazz,Vinyl,https://i.discogs.com/OtONphEGJI6pcJeiv9a1Diq5hfSFNjiBBtrkXtlpCy8/rs:fit/g:sm/q:90/h:600/w:600/czM6Ly9kaXNjb2dz/LWRhdGFiYXNlLWlt/YWdlcy9SLTEyMDIw/NjA4LTE1MjY2OTYw/NzUtNDAyMC5qcGVn.jpeg,https://i.discogs.com/c4agVag0hWUNsoUXmMOOI39Jbgb6L48THJkxeZs3axo/rs:fit/g:sm/q:40/h:150/w:150/czM6Ly9kaXNjb2dz/LWRhdGFiYXNlLWlt/YWdlcy9SLTEyMDIw/NjA4LTE1MjY2OTYw/NzUtNDAyMC5qcGVn.jpeg
1258803,Funky Music Machine,Love Me A Little While Longer / I Can't Help Myself,0,Funk / Soul,Vinyl,https://i.discogs.com/JkImwGf8Vgp-olGVY3Bu9t6TW_H6Tzc5XGSPvWPX1Bg/rs:fit/g:sm/q:90/h:598/w:600/czM6Ly9kaXNjb2dz/LWRhdGFiYXNlLWlt/YWdlcy9SLTEyNTg4/MDMtMTQ1NTY3MzU3/Ny04NTkwLmpwZWc.jpeg,https://i.discogs.com/_9Asmsije5qdPi_6PxnoGJrJlt3KdioO53VPep_Gbuc/rs:fit/g:sm/q:40/h:150/w:150/czM6Ly9kaXNjb2dz/LWRhdGFiYXNlLWlt/YWdlcy9SLTEyNTg4/MDMtMTQ1NTY3MzU3/Ny04NTkwLmpwZWc.jpeg
5023153,Bill Withers,The Sound Of Soul,1989,Funk / Soul,Vinyl,https://i.discogs.com/BfFTpGCLVMIBOKzCqKFmgMdg3yr1PO0tgFNFafHUjh4/rs:fit/g:sm/q:90/h:590/w:590/czM6Ly9kaXNjb2dz/LWRhdGFiYXNlLWlt/YWdlcy9SLTUwMjMx/NTMtMTM5MzM1OTM0/OS0zMTQ4LmpwZWc.jpeg,https://i.discogs.com/hJgqHQJnkF5WFRUpr2Nj1llagzr6kwbRnhI6EWR-_wM/rs:fit/g:sm/q:40/h:150/w:150/czM6Ly9kaXNjb2dz/LWRhdGFiYXNlLWlt/YWdlcy9SLTUwMjMx/NTMtMTM5MzM1OTM0/OS0zMTQ4LmpwZWc.jpeg
1421928,Uriah Heep,Return To Fantasy,1975,Rock,Vinyl,https://i.discogs.com/uCjLGhULlt-XnlCG39aK0lfeZ3xM2MiFglwGzTRB_6Y/rs:fit/g:sm/q:90/h:600/w:600/czM6Ly9kaXNjb2dz/LWRhdGFiYXNlLWlt/YWdlcy9SLTE0MjE5/MjgtMTM3NTY4ODIy/OS0xMzY3LmpwZWc.jpeg,https://i.discogs.com/BdYXn-VObmPLjQAfeYAXUzxUJxnjHFaUrsbc4PsE1q4/rs:fit/g:sm/q:40/h:150/w:150/czM6Ly9kaXNjb2dz/LWRhdGFiYXNlLWlt/YWdlcy9SLTE0MjE5/MjgtMTM3NTY4ODIy/OS0xMzY3LmpwZWc.jpeg
8904743,Uriah Heep,Uriah Heep Live,1973,Rock,Vinyl,https://i.discogs.com/48PEjkt_9FCKOBVLcu-uJbLNOAUfx6LDBZ6WpvkSTGg/rs:fit/g:sm/q:90/h:603/w:600/czM6Ly9kaXNjb2dz/LWRhdGFiYXNlLWlt/YWdlcy9SLTg5MDQ3/NDMtMTQ3MTE3OTYw/NC0xNDk4LmpwZWc.jpeg,https://i.discogs.com/g8OIkiWd3hBTLgSvesUxxzWmKvexQKiigha3GofZluQ/rs:fit/g:sm/q:40/h:150/w:150/czM6Ly9kaXNjb2dz/LWRhdGFiYXNlLWlt/YWdlcy9SLTg5MDQ3/NDMtMTQ3MTE3OTYw/NC0xNDk4LmpwZWc.jpeg
880181,Various,Cold Sweat,2001,Jazz,Vinyl,https://i.discogs.com/O8kUbjds0v0mlNnEPyWuw1_MzAC4MpIy8mPMcA6Z_dA/rs:fit/g:sm/q:90/h:600/w:600/czM6Ly9kaXNjb2dz/LWRhdGFiYXNlLWlt/YWdlcy9SLTg4MDE4/MS0xMjYyODA0NjE2/LmpwZWc.jpeg,https://i.discogs.com/Rtf1FLXG1WkDAxQhWSms44w_TayehodiIzmOjcOUfSI/rs:fit/g:sm/q:40/h:150/w:150/czM6Ly9kaXNjb2dz/LWRhdGFiYXNlLWlt/YWdlcy9SLTg4MDE4/MS0xMjYyODA0NjE2/LmpwZWc.jpeg
9072898,Yussef Kamaal,Black Focus,2016,Electronic,Vinyl,https://i.discogs.com/fl4RMUepaxFI89QPlsdvx55ENpOklFyih_HWlV1DSjc/rs:fit/g:sm/q:90/h:565/w:600/czM6Ly9kaXNjb2dz/LWRhdGFiYXNlLWlt/YWdlcy9SLTkwNzI4/OTgtMTUxMTY1NDQz/OS05ODI0LmpwZWc.jpeg,https://i.discogs.com/en2UJCYf7vX2OWYvD4YBh2nh2l37dHVrMGA4flApIOE/rs:fit/g:sm/q:40/h:150/w:150/czM6Ly9kaXNjb2dz/LWRhdGFiYXNlLWlt/YWdlcy9SLTkwNzI4/OTgtMTUxMTY1NDQz/OS05ODI0LmpwZWc.jpeg
2765053,John Martyn,Live At Leeds,1987,Jazz,Vinyl,https://i.discogs.com/lTiIE8gTpEeo4cDLjbaR7vSsCzCNukgDp-UaEXVhA7o/rs:fit/g:sm/q:90/h:225/w:224/czM6Ly9kaXNjb2dz/LWRhdGFiYXNlLWlt/YWdlcy9SLTI3NjUw/NTMtMTM4ODQzNDIx/My00Nzk0LmpwZWc.jpeg,https://i.discogs.com/7iazcGK_cEJ4jM2HiYxoz5k0_0JzV1qxZTR7Oh5hdSY/rs:fit/g:sm/q:40/h:150/w:150/czM6Ly9kaXNjb2dz/LWRhdGFiYXNlLWlt/YWdlcy9SLTI3NjUw/NTMtMTM4ODQzNDIx/My00Nzk0LmpwZWc.jpeg
9302056,The Beatles,1967-1970,1976,Rock,Vinyl,https://i.discogs.com/-eGzY3-oDkbdZqrTYkHLHEjil97FX8O9Mp3Yy50OPZY/rs:fit/g:sm/q:90/h:590/w:600/czM6Ly9kaXNjb2dz/LWRhdGFiYXNlLWlt/YWdlcy9SLTkzMDIw/NTYtMTUwNDU1NTcx/Ni04NzczLmpwZWc.jpeg,https://i.discogs.com/NkMweP6MAE1I_h0dsUY_NGLR0XDYZACVcZ5WrNzH5cM/rs:fit/g:sm/q:40/h:150/w:150/czM6Ly9kaXNjb2dz/LWRhdGFiYXNlLWlt/YWdlcy9SLTkzMDIw/NTYtMTUwNDU1NTcx/Ni04NzczLmpwZWc.jpeg
4803845,The Beach Boys,Pet Sounds,0,Rock,Vinyl,https://i.discogs.com/t9UKslG4L-kuy_b3EPN_Mc9qx51dDP47wrcqAAGyngk/rs:fit/g:sm/q:90/h:480/w:500/czM6Ly9kaXNjb2dz/LWRhdGFiYXNlLWlt/YWdlcy9SLTQ4MDM4/NDUtMTM3NjE4ODUy/MS0yNDg1LmpwZWc.jpeg,https://i.discogs.com/9I6mNGxHbuvs2S9dLI2LoiVb1l7L2jT9LOfbxgvKRIA/rs:fit/g:sm/q:40/h:150/w:150/czM6Ly9kaXNjb2dz/LWRhdGFiYXNlLWlt/YWdlcy9SLTQ4MDM4/NDUtMTM3NjE4ODUy/MS0yNDg1LmpwZWc.jpeg
379830,Miles Davis,The Birth Of The Cool,1978,Jazz,Vinyl,https://i.discogs.com/tzialB0Ks8-rrdoZQfV0MeezhYoh9gGRIKpHjrUVZPc/rs:fit/g:sm/q:90/h:595/w:600/czM6Ly9kaXNjb2dz/LWRhdGFiYXNlLWlt/YWdlcy9SLTM3OTgz/MC0xNjI0ODg1OTky/LTkxMTkuanBlZw.jpeg,https://i.discogs.com/n7WZAdpPHg_hgU-GilOWxNLnmFspJyUHaRmTzFtsX_Y/rs:fit/g:sm/q:40/h:150/w:150/czM6Ly9kaXNjb2dz/LWRhdGFiYXNlLWlt/YWdlcy9SLTM3OTgz/MC0xNjI0ODg1OTky/LTkxMTkuanBlZw.jpeg
2338065,The Beach Boys,Friends,1968,Rock,Vinyl,https://i.discogs.com/w6M5f_HZh1yMHlPrNBiuxXnIcErJgjmqptxsJ1kPg2c/rs:fit/g:sm/q:90/h:524/w:523/czM6Ly9kaXNjb2dz/LWRhdGFiYXNlLWlt/YWdlcy9SLTIzMzgw/NjUtMTMzMzU1MDg0/OC5qcGVn.jpeg,https://i.discogs.com/uPJeRfJuSpaWBxzD7W5iogTqqAGs8gVjEEQRPiZer4k/rs:fit/g:sm/q:40/h:150/w:150/czM6Ly9kaXNjb2dz/LWRhdGFiYXNlLWlt/YWdlcy9SLTIzMzgw/NjUtMTMzMzU1MDg0/OC5qcGVn.jpeg
2269475,Bob Dylan,Like A Rolling Stone,1965,Rock,Vinyl,https://i.discogs.com/xZhx2jgW8BtVDIFJOwNdzM2y-kmAAurq_nRasyAum9s/rs:fit/g:sm/q:90/h:600/w:600/czM6Ly9kaXNjb2dz/LWRhdGFiYXNlLWlt/YWdlcy9SLTIyNjk0/NzUtMTQyMjA5OTg2/NS03NDc3LmpwZWc.jpeg,https://i.discogs.com/7Wk6hwdc9xahilCHJzx67YfdYfzs4sakULf1LKW68oo/rs:fit/g:sm/q:40/h:150/w:150/czM6Ly9kaXNjb2dz/LWRhdGFiYXNlLWlt/YWdlcy9SLTIyNjk0/NzUtMTQyMjA5OTg2/NS03NDc3LmpwZWc.jpeg
1280814,Bob Dylan,The Freewheelin' Bob Dylan,1964,"Folk, World, & Country",Vinyl,https://i.discogs.com/jHi7lvzYRVuVrghKOW_aA4HuSoxPTklf2Qr2rKeyK-k/rs:fit/g:sm/q:90/h:598/w:600/czM6Ly9kaXNjb2dz/LWRhdGFiYXNlLWlt/YWdlcy9SLTEyODA4/MTQtMTQyODUwODc0/OS03OTk2LmpwZWc.jpeg,https://i.discogs.com/UstoiUSC9zHTvN3UjYCg_aGihjn0vq-UolQ6_67thlE/rs:fit/g:sm/q:40/h:150/w:150/czM6Ly9kaXNjb2dz/LWRhdGFiYXNlLWlt/YWdlcy9SLTEyODA4/MTQtMTQyODUwODc0/OS03OTk2LmpwZWc.jpeg
635894,Roachford,Roachford,1988,Electronic,Vinyl,https://i.discogs.com/4af5zgeAGjm_z0SKPEJeqqTY4IYjJABQZkLfO6XVT3s/rs:fit/g:sm/q:90/h:599/w:600/czM6Ly9kaXNjb2dz/LWRhdGFiYXNlLWlt/YWdlcy9SLTYzNTg5/NC0xNTIzNjE2NTEz/LTQwNDQuanBlZw.jpeg,https://i.discogs.com/QFVN0S2x2BBjs8UxxlvcN105IFP_dM-YRIuStHgzpxo/rs:fit/g:sm/q:40/h:150/w:150/czM6Ly9kaXNjb2dz/LWRhdGFiYXNlLWlt/YWdlcy9SLTYzNTg5/NC0xNTIzNjE2NTEz/LTQwNDQuanBlZw.jpeg
3053053,Aerosmith,Toys In The Attic,1975,Rock,Vinyl,https://i.discogs.com/_AaJkCE_aWQEk7N9IYCfcBOKkOhRGCt0GSrf-1MCMwc/rs:fit/g:sm/q:90/h:500/w:500/czM6Ly9kaXNjb2dz/LWRhdGFiYXNlLWlt/YWdlcy9SLTMwNTMw/NTMtMTM2MDU5MzU0/Mi05OTQ4LmpwZWc.jpeg,https://i.discogs.com/soNiSEf66RQsoLLHyofACTqFCpUy5ttiJTbnvCJE-4Q/rs:fit/g:sm/q:40/h:150/w:150/czM6Ly9kaXNjb2dz/LWRhdGFiYXNlLWlt/YWdlcy9SLTMwNTMw/NTMtMTM2MDU5MzU0/Mi05OTQ4LmpwZWc.jpeg
2934419,The Only Ones,The Only Ones,1978,Rock,Vinyl,https://i.discogs.com/YAdnULYxwPyrIYyuNWoldZbnQ-hMNJ6DvIX9x9SLviQ/rs:fit/g:sm/q:90/h:599/w:600/czM6Ly9kaXNjb2dz/LWRhdGFiYXNlLWlt/YWdlcy9SLTI5MzQ0/MTktMTQ1Mjc5NjM3/My05NTAzLmpwZWc.jpeg,https://i.discogs.com/WKogUnui9ypQ3-9FP67p5ZZPjH2LPj6Uc3AuyDnGND0/rs:fit/g:sm/q:40/h:150/w:150/czM6Ly9kaXNjb2dz/LWRhdGFiYXNlLWlt/YWdlcy9SLTI5MzQ0/MTktMTQ1Mjc5NjM3/My05NTAzLmpwZWc.jpeg
373350,Bob Dylan,Bob Dylan At Budokan,1979,Rock,Vinyl,https://i.discogs.com/VwoCecIYUlupMAzSgnBx3YvfEogzW5WDhcuVQhmeaLw/rs:fit/g:sm/q:90/h:605/w:600/czM6Ly9kaXNjb2dz/LWRhdGFiYXNlLWlt/YWdlcy9SLTM3MzM1/MC0xNTQxOTU3MTM1/LTc3NDMuanBlZw.jpeg,https://i.discogs.com/e-9x4omF1xKoj9wPVOMJS37Xn5Y5gpKcn1cRU5Y38bQ/rs:fit/g:sm/q:40/h:150/w:150/czM6Ly9kaXNjb2dz/LWRhdGFiYXNlLWlt/YWdlcy9SLTM3MzM1/MC0xNTQxOTU3MTM1/LTc3NDMuanBlZw.jpeg
3420719,Johnny Cash,At Folsom Prison,1968,Rock,Vinyl,https://i.discogs.com/L_0kJ9mMVSXgXqPD6Z2lsd7frHJeAHdl2dpB8xHBrXU/rs:fit/g:sm/q:90/h:598/w:600/czM6Ly9kaXNjb2dz/LWRhdGFiYXNlLWlt/YWdlcy9SLTM0MjA3/MTktMTQxOTk2Nzgy/MC0yOTA0LmpwZWc.jpeg,https://i.discogs.com/Eujngo0yznN7RVSlQRpPC5nwmJwbgGi64gWsILj9Dzw/rs:fit/g:sm/q:40/h:150/w:150/czM6Ly9kaXNjb2dz/LWRhdGFiYXNlLWlt/YWdlcy9SLTM0MjA3/MTktMTQxOTk2Nzgy/MC0yOTA0LmpwZWc.jpeg
1337919,Simon & Garfunkel,Simon And Garfunkel's Greatest Hits,1972,Rock,Vinyl,https://i.discogs.com/1O_E0eKtDDmjh1CC_Yqsgjl0_PCtbzl4UAvEwgxL1Y0/rs:fit/g:sm/q:90/h:599/w:600/czM6Ly9kaXNjb2dz/LWRhdGFiYXNlLWlt/YWdlcy9SLTEzMzc5/MTktMTI0ODUzNDcy/OS5qcGVn.jpeg,https://i.discogs.com/I3JVS7aablTwgsProKqDiOeP3Q-ltsbSMD7A_bxPpls/rs:fit/g:sm/q:40/h:150/w:150/czM6Ly9kaXNjb2dz/LWRhdGFiYXNlLWlt/YWdlcy9SLTEzMzc5/MTktMTI0ODUzNDcy/OS5qcGVn.jpeg
1569990,Simon & Garfunkel,Bridge Over Troubled Water,1970,Rock,Vinyl,https://i.discogs.com/CKgInEqPIcLinJ8fs2cTgK2SqUT5CxVCYlsEF15slRo/rs:fit/g:sm/q:90/h:604/w:600/czM6Ly9kaXNjb2dz/LWRhdGFiYXNlLWlt/YWdlcy9SLTE1Njk5/OTAtMTU1NDIwNTUx/OS00NzgyLmpwZWc.jpeg,https://i.discogs.com/Kije0Rjil0tOHh1nwRaH6m0B7rWQOcLTX88Zc_j_INc/rs:fit/g:sm/q:40/h:150/w:150/czM6Ly9kaXNjb2dz/LWRhdGFiYXNlLWlt/YWdlcy9SLTE1Njk5/OTAtMTU1NDIwNTUx/OS00NzgyLmpwZWc.jpeg
205846,"Earth, Wind & Fire",I Am,1979,Funk / Soul,Vinyl,https://i.discogs.com/YierMogfbD8sfjqziFuuTuq7AzUWQVwkZCFh0BcilA8/rs:fit/g:sm/q:90/h:500/w:500/czM6Ly9kaXNjb2dz/LWRhdGFiYXNlLWlt/YWdlcy9SLTIwNTg0/Ni0xMjQ4MjAzMDYw/LmpwZWc.jpeg,https://i.discogs.com/mvYyUjsdJ5dUkR0P54vzxyQcAVcqHjmcJUTM4a4BXcM/rs:fit/g:sm/q:40/h:150/w:150/czM6Ly9kaXNjb2dz/LWRhdGFiYXNlLWlt/YWdlcy9SLTIwNTg0/Ni0xMjQ4MjAzMDYw/LmpwZWc.jpeg
496187,The Nice,Five Bridges,1970,Rock,Vinyl,https://i.discogs.com/Diw7p45aA9v38d6A_bV7ueMT6Vw7_4Y_mgkCIX2riN8/rs:fit/g:sm/q:90/h:597/w:600/czM6Ly9kaXNjb2dz/LWRhdGFiYXNlLWlt/YWdlcy9SLTQ5NjE4/Ny0xMjIyMTczMjUz/LmpwZWc.jpeg,https://i.discogs.com/tVOOAB8GnNWkCkQBj4vgSFEWeRTEpcgtVRXGBd9NcXI/rs:fit/g:sm/q:40/h:150/w:150/czM6Ly9kaXNjb2dz/LWRhdGFiYXNlLWlt/YWdlcy9SLTQ5NjE4/Ny0xMjIyMTczMjUz/LmpwZWc.jpeg
4217215,Genesis,Live,0,Rock,Vinyl,https://i.discogs.com/Xi4MBEodnMKySQqGyXUEl8wK_KfZp0je2AAIfR9gMrw/rs:fit/g:sm/q:90/h:600/w:600/czM6Ly9kaXNjb2dz/LWRhdGFiYXNlLWlt/YWdlcy9SLTQyMTcy/MTUtMTU2MzcxMTM2/MS0xODc3LmpwZWc.jpeg,https://i.discogs.com/7Rqe5LXKahbj-U99kSNtorZ149DoEuIExcjHe-_Uux0/rs:fit/g:sm/q:40/h:150/w:150/czM6Ly9kaXNjb2dz/LWRhdGFiYXNlLWlt/YWdlcy9SLTQyMTcy/MTUtMTU2MzcxMTM2/MS0xODc3LmpwZWc.jpeg
229449,Blondie,Parallel Lines,1978,Rock,Vinyl,https://i.discogs.com/RghKKGjcSpqh7gp8IhvM3UAv-_oWKUfmfdg0YgT3DEU/rs:fit/g:sm/q:90/h:600/w:600/czM6Ly9kaXNjb2dz/LWRhdGFiYXNlLWlt/YWdlcy9SLTIyOTQ0/OS0xMjA0OTA1NTc0/LmpwZWc.jpeg,https://i.discogs.com/SnObGv3mVahYSmxFA2rpbaeZj2yX-mDGi_dMOfHlqVk/rs:fit/g:sm/q:40/h:150/w:150/czM6Ly9kaXNjb2dz/LWRhdGFiYXNlLWlt/YWdlcy9SLTIyOTQ0/OS0xMjA0OTA1NTc0/LmpwZWc.jpeg
11684625,Robin Trower,Robin Trower Live!,1975,Rock,Vinyl,https://i.discogs.com/ildKp_FulPhvPSZsVLSO90CchGUZSYYF6fMkaJFqalM/rs:fit/g:sm/q:90/h:581/w:600/czM6Ly9kaXNjb2dz/LWRhdGFiYXNlLWlt/YWdlcy9SLTExNjg0/NjI1LTE1MjA2MjE2/MTQtNzU5NS5qcGVn.jpeg,https://i.discogs.com/bahdrBt8661oM58E6Koh566w_P7PSt1DLlWDWXnP_k0/rs:fit/g:sm/q:40/h:150/w:150/czM6Ly9kaXNjb2dz/LWRhdGFiYXNlLWlt/YWdlcy9SLTExNjg0/NjI1LTE1MjA2MjE2/MTQtNzU5NS5qcGVn.jpeg
5941392,You Walk Through Walls,You Walk Through Walls,2014,Rock,Vinyl,https://i.discogs.com/JVbkOrhdrJe-sfDKvsGQ6nn15AuWVFnFR1RO1qUKDxo/rs:fit/g:sm/q:90/h:600/w:600/czM6Ly9kaXNjb2dz/LWRhdGFiYXNlLWlt/YWdlcy9SLTU5NDEz/OTItMTQ5MDE4Mzk1/MC01MzQyLmpwZWc.jpeg,https://i.discogs.com/nokneHoMz8eEQTnr1wRyKgch7SMnrBDdmMZQxy_xHfU/rs:fit/g:sm/q:40/h:150/w:150/czM6Ly9kaXNjb2dz/LWRhdGFiYXNlLWlt/YWdlcy9SLTU5NDEz/OTItMTQ5MDE4Mzk1/MC01MzQyLmpwZWc.jpeg
5672833,John Barry,Stringbeat,1961,Jazz,Vinyl,https://i.discogs.com/QYild58vI2lspLNt2qPouFnRlz4srBYuMsI9G6horxA/rs:fit/g:sm/q:90/h:600/w:600/czM6Ly9kaXNjb2dz/LWRhdGFiYXNlLWlt/YWdlcy9SLTU2NzI4/MzMtMTQwNjkwNDE1/MS00Mzk4LmpwZWc.jpeg,https://i.discogs.com/FHSs0BhIMEoYjkEkfg41S6mbI4jbwzEkZIVDjVxzXPI/rs:fit/g:sm/q:40/h:150/w:150/czM6Ly9kaXNjb2dz/LWRhdGFiYXNlLWlt/YWdlcy9SLTU2NzI4/MzMtMTQwNjkwNDE1/MS00Mzk4LmpwZWc.jpeg
457367,Chubby Checker,Let's Twist Again,1961,Rock,Vinyl,https://i.discogs.com/1iRqINZnB4beKqDWp9HQPeOWAGGDN2hoV3hgo20Mkl0/rs:fit/g:sm/q:90/h:593/w:600/czM6Ly9kaXNjb2dz/LWRhdGFiYXNlLWlt/YWdlcy9SLTQ1NzM2/Ny0xNDc2Mzc4NTA5/LTg5MTEuanBlZw.jpeg,https://i.discogs.com/1ZW5O0g8mVUU-wn3RuVOySVHPNOJgI2I0wUWbVZjPnE/rs:fit/g:sm/q:40/h:150/w:150/czM6Ly9kaXNjb2dz/LWRhdGFiYXNlLWlt/YWdlcy9SLTQ1NzM2/Ny0xNDc2Mzc4NTA5/LTg5MTEuanBlZw.jpeg
562854,The Seekers,The Carnival Is Over,1965,Pop,Vinyl,https://i.discogs.com/vW9xC9-MZtosnYs5gs1cUjU5g7zFCR1D5CTvNvxH3e8/rs:fit/g:sm/q:90/h:481/w:479/czM6Ly9kaXNjb2dz/LWRhdGFiYXNlLWlt/YWdlcy9SLTU2Mjg1/NC0xMjYyMzQ4NTY2/LmpwZWc.jpeg,https://i.discogs.com/HpDrOhObhaRpH8ldPgaS6qIHEE8OY8s5_5JuRJh-s-Y/rs:fit/g:sm/q:40/h:150/w:150/czM6Ly9kaXNjb2dz/LWRhdGFiYXNlLWlt/YWdlcy9SLTU2Mjg1/NC0xMjYyMzQ4NTY2/LmpwZWc.jpeg
2766894,The Wurzels,"Recorded Live At The Royal Oak, Nailsea, Zummerzet",1967,Pop,Vinyl,https://i.discogs.com/xfjRk32E0qfDrJQSM4frtqDFgOfNjCpFguYctpOl2n8/rs:fit/g:sm/q:90/h:594/w:600/czM6Ly9kaXNjb2dz/LWRhdGFiYXNlLWlt/YWdlcy9SLTI3NjY4/OTQtMTU3ODIyMjY2/MS0xNTU0LmpwZWc.jpeg,https://i.discogs.com/AEMTICu7QVBmKaCe8P9p5GfM1aTJlvR6sfBmKwJK4Zw/rs:fit/g:sm/q:40/h:150/w:150/czM6Ly9kaXNjb2dz/LWRhdGFiYXNlLWlt/YWdlcy9SLTI3NjY4/OTQtMTU3ODIyMjY2/MS0xNTU0LmpwZWc.jpeg
6140016,Jeff Buckley,Grace,2009,Rock,Vinyl,https://i.discogs.com/cFiSRQ5dHCH91zz9iIyEIxyb27Lid2r3njXd-sK4uTE/rs:fit/g:sm/q:90/h:600/w:599/czM6Ly9kaXNjb2dz/LWRhdGFiYXNlLWlt/YWdlcy9SLTYxNDAw/MTYtMTQxNTU0MjA0/OC00MTMwLmpwZWc.jpeg,https://i.discogs.com/53Mb42s6RFRyMduK65jdYS7L2JfpIF3HCX7_eNGa5HQ/rs:fit/g:sm/q:40/h:150/w:150/czM6Ly9kaXNjb2dz/LWRhdGFiYXNlLWlt/YWdlcy9SLTYxNDAw/MTYtMTQxNTU0MjA0/OC00MTMwLmpwZWc.jpeg
7407271,The Clash,London Calling,2015,Rock,Vinyl,https://i.discogs.com/y-r-0zTTgNs7kHLvLeUoAZgOpRJZme3Mb2rE5g3Z38Y/rs:fit/g:sm/q:90/h:600/w:600/czM6Ly9kaXNjb2dz/LWRhdGFiYXNlLWlt/YWdlcy9SLTc0MDcy/NzEtMTQ0MDg1ODI5/Mi00OTU3LmpwZWc.jpeg,https://i.discogs.com/sVceP83muVaXQT5s4nawPjyQsBRvQMYKMe8HhNNprKA/rs:fit/g:sm/q:40/h:150/w:150/czM6Ly9kaXNjb2dz/LWRhdGFiYXNlLWlt/YWdlcy9SLTc0MDcy/NzEtMTQ0MDg1ODI5/Mi00OTU3LmpwZWc.jpeg
8462767,Joe Cocker,The Platinum Collection Of Joe Cocker,1981,Rock,Vinyl,https://i.discogs.com/fUh6CeoxZ4zhOC96aDfmDK3VeSZ0fTpvuq2ZTYT6NpE/rs:fit/g:sm/q:90/h:225/w:224/czM6Ly9kaXNjb2dz/LWRhdGFiYXNlLWlt/YWdlcy9SLTg0NjI3/NjctMTQ2MjEwMzU5/NC03MzA2LmpwZWc.jpeg,https://i.discogs.com/jGLzc3R-9ljdzeztc2wUY2VvKgJ7aeNFtBt31QJrt7M/rs:fit/g:sm/q:40/h:150/w:150/czM6Ly9kaXNjb2dz/LWRhdGFiYXNlLWlt/YWdlcy9SLTg0NjI3/NjctMTQ2MjEwMzU5/NC03MzA2LmpwZWc.jpeg
530509,Tom Jones,It's Not Unusual / Delilah,1987,Rock,Vinyl,https://i.discogs.com/65kkDRhD7U15qqrABVUthDtSx6IOhJSGOxWtysm4550/rs:fit/g:sm/q:90/h:585/w:590/czM6Ly9kaXNjb2dz/LWRhdGFiYXNlLWlt/YWdlcy9SLTUzMDUw/OS0xMzkzMTU3ODkz/LTEzMTMuanBlZw.jpeg,https://i.discogs.com/UwPnDzJ_65_FcSqjqdfQOHUZNesy5sPhRCt5dj5cQuQ/rs:fit/g:sm/q:40/h:150/w:150/czM6Ly9kaXNjb2dz/LWRhdGFiYXNlLWlt/YWdlcy9SLTUzMDUw/OS0xMzkzMTU3ODkz/LTEzMTMuanBlZw.jpeg
1953853,Frank Chacksfield & His Orchestra,Chacksfield Plays The Beatles' Song Book,1970,Jazz,Vinyl,https://i.discogs.com/BG--7WAfNd4tTWtghbXCwGOZjoIlLh1LmUB4QsJbVDk/rs:fit/g:sm/q:90/h:597/w:600/czM6Ly9kaXNjb2dz/LWRhdGFiYXNlLWlt/YWdlcy9SLTE5NTM4/NTMtMTQ2ODMyMDMx/Mi00MDcxLmpwZWc.jpeg,https://i.discogs.com/RTIkGboa4XBY0bDSq7PHrmHi1yApuZbZTBkSHDCuMgs/rs:fit/g:sm/q:40/h:150/w:150/czM6Ly9kaXNjb2dz/LWRhdGFiYXNlLWlt/YWdlcy9SLTE5NTM4/NTMtMTQ2ODMyMDMx/Mi00MDcxLmpwZWc.jpeg
5068000,The Zombies,The World Of The Zombies,1970,Rock,Vinyl,https://i.discogs.com/bGtfE_RCLCTj9Y3IUHitlXK8Fyo6YLKR4Uzj62NKwjo/rs:fit/g:sm/q:90/h:600/w:596/czM6Ly9kaXNjb2dz/LWRhdGFiYXNlLWlt/YWdlcy9SLTUwNjgw/MDAtMTQwMTk1OTg4/NS0zODI0LmpwZWc.jpeg,https://i.discogs.com/F1_Yj-NuzIMaKDBtBIxCbcov7gW2kXHPtLSYvKqFF4g/rs:fit/g:sm/q:40/h:150/w:150/czM6Ly9kaXNjb2dz/LWRhdGFiYXNlLWlt/YWdlcy9SLTUwNjgw/MDAtMTQwMTk1OTg4/NS0zODI0LmpwZWc.jpeg
552230,UB40,Labour Of Love,1983,Reggae,Vinyl,https://i.discogs.com/MF6C_2TZJJz5ZD76cXvB0IoDdPF_x0lpkkN3hjUYuOo/rs:fit/g:sm/q:90/h:600/w:600/czM6Ly9kaXNjb2dz/LWRhdGFiYXNlLWlt/YWdlcy9SLTU1MjIz/MC0xNjMzNTM2OTg1/LTkzMTguanBlZw.jpeg,https://i.discogs.com/LJtzJ4r0p5RkCe8rgfNh5GOehVk-MpLkT_2HFEAd6l8/rs:fit/g:sm/q:40/h:150/w:150/czM6Ly9kaXNjb2dz/LWRhdGFiYXNlLWlt/YWdlcy9SLTU1MjIz/MC0xNjMzNTM2OTg1/LTkzMTguanBlZw.jpeg
2681475,Charles Bradley,No Time For Dreaming,2011,Funk / Soul,Vinyl,https://i.discogs.com/BGb5Uc4FyTTc1QJbn5n7JCT02S0TXJHtldKeokuzRw8/rs:fit/g:sm/q:90/h:597/w:600/czM6Ly9kaXNjb2dz/LWRhdGFiYXNlLWlt/YWdlcy9SLTI2ODE0/NzUtMTYxNjc1Njcx/Mi0xNjc4LmpwZWc.jpeg,https://i.discogs.com/xNbw9odM8U9p1_BmHIWXAHTuYTB2UV3veW7M2QLX8ao/rs:fit/g:sm/q:40/h:150/w:150/czM6Ly9kaXNjb2dz/LWRhdGFiYXNlLWlt/YWdlcy9SLTI2ODE0/NzUtMTYxNjc1Njcx/Mi0xNjc4LmpwZWc.jpeg
8255546,Charles Bradley,Changes,2016,Funk / Soul,Vinyl,https://i.discogs.com/BbHK3fbsYxtiUEFbkmbmzBe_oGgmn5eTY47kf4doA98/rs:fit/g:sm/q:90/h:600/w:600/czM6Ly9kaXNjb2dz/LWRhdGFiYXNlLWlt/YWdlcy9SLTgyNTU1/NDYtMTQ1ODA1NzQw/MS02NzMyLmpwZWc.jpeg,https://i.discogs.com/Xurr_Sk02rB68D-EF0MlMXdVyBZulc7OmI-0QKsCTAI/rs:fit/g:sm/q:40/h:150/w:150/czM6Ly9kaXNjb2dz/LWRhdGFiYXNlLWlt/YWdlcy9SLTgyNTU1/NDYtMTQ1ODA1NzQw/MS02NzMyLmpwZWc.jpeg
4400772,Charles Bradley,Victim Of Love,2013,Funk / Soul,Vinyl,https://i.discogs.com/zpfwamnRsjEkuWqVe4pRFwrGKx8_yGhpAO-wBnqDBhw/rs:fit/g:sm/q:90/h:600/w:600/czM6Ly9kaXNjb2dz/LWRhdGFiYXNlLWlt/YWdlcy9SLTQ0MDA3/NzItMTQ5MzY3ODEx/My05NjQ5LnBuZw.jpeg,https://i.discogs.com/3gZRe1-yLP9U58glQHRvlRbVEyJd-6NtiQVvdfriadE/rs:fit/g:sm/q:40/h:150/w:150/czM6Ly9kaXNjb2dz/LWRhdGFiYXNlLWlt/YWdlcy9SLTQ0MDA3/NzItMTQ5MzY3ODEx/My05NjQ5LnBuZw.jpeg
2152634,Chapel Club,O Maybe I,2010,Rock,Vinyl,https://i.discogs.com/0SzKnX8JHhwlbn2Wc5dTsivvKXeAEtyZ5M8vklubQyw/rs:fit/g:sm/q:90/h:500/w:500/czM6Ly9kaXNjb2dz/LWRhdGFiYXNlLWlt/YWdlcy9SLTIxNTI2/MzQtMTI2Njg2Mjk4/NS5qcGVn.jpeg,https://i.discogs.com/4LTb0wIOqNo9GflerWPlxMAOE4UxO6tGyWUcJSMX5v4/rs:fit/g:sm/q:40/h:150/w:150/czM6Ly9kaXNjb2dz/LWRhdGFiYXNlLWlt/YWdlcy9SLTIxNTI2/MzQtMTI2Njg2Mjk4/NS5qcGVn.jpeg
2310304,Glen Campbell,Wichita Lineman,0,"Folk, World, & Country",Vinyl,https://i.discogs.com/V68tp65c6euj8SpS-AQIip4iCsclXE5279-8doY3R5E/rs:fit/g:sm/q:90/h:603/w:600/czM6Ly9kaXNjb2dz/LWRhdGFiYXNlLWlt/YWdlcy9SLTIzMTAz/MDQtMTQzODAxNjU2/NC04NDgyLmpwZWc.jpeg,https://i.discogs.com/I0-FoS4HKkIkq-4ese_OdO5StDMdGsvcvdbrtbORKJE/rs:fit/g:sm/q:40/h:150/w:150/czM6Ly9kaXNjb2dz/LWRhdGFiYXNlLWlt/YWdlcy9SLTIzMTAz/MDQtMTQzODAxNjU2/NC04NDgyLmpwZWc.jpeg
541818,Edith Piaf,The Very Best Of Edith Piaf,1976,Pop,Vinyl,https://i.discogs.com/rQ1Q6R7aVIbzoaeuPKzI3ityGVdacwojIrCRuBcodiM/rs:fit/g:sm/q:90/h:600/w:600/czM6Ly9kaXNjb2dz/LWRhdGFiYXNlLWlt/YWdlcy9SLTU0MTgx/OC0xNTk0NjQyNTE2/LTEzMzMuanBlZw.jpeg,https://i.discogs.com/KkAFU7kpRH8GmGj2kdxSiYD3_P2FJqtfToPYkoF8H_0/rs:fit/g:sm/q:40/h:150/w:150/czM6Ly9kaXNjb2dz/LWRhdGFiYXNlLWlt/YWdlcy9SLTU0MTgx/OC0xNTk0NjQyNTE2/LTEzMzMuanBlZw.jpeg
1670351,Steve Harley & Cockney Rebel,Love's A Prima Donna,1976,Rock,Vinyl,https://i.discogs.com/0StpwF9XY0w2TaqBzI125L6AZGbaHt77uWdpHTf5IVY/rs:fit/g:sm/q:90/h:596/w:600/czM6Ly9kaXNjb2dz/LWRhdGFiYXNlLWlt/YWdlcy9SLTE2NzAz/NTEtMTQzMjM0MzM1/My04MTk3LmpwZWc.jpeg,https://i.discogs.com/mjOJLkeoHKbW2fziXwyCuFjgN70gHAN7lBiEf3mh3X4/rs:fit/g:sm/q:40/h:150/w:150/czM6Ly9kaXNjb2dz/LWRhdGFiYXNlLWlt/YWdlcy9SLTE2NzAz/NTEtMTQzMjM0MzM1/My04MTk3LmpwZWc.jpeg
1319421,Hot Chip,One Pure Thought,2008,Electronic,Vinyl,https://i.discogs.com/WEtXiogpy0wccbu0V2KPczekA8Yie27sSBuXKvdO3U8/rs:fit/g:sm/q:90/h:597/w:600/czM6Ly9kaXNjb2dz/LWRhdGFiYXNlLWlt/YWdlcy9SLTEzMTk0/MjEtMTIxODcyODM1/NS5qcGVn.jpeg,https://i.discogs.com/gbd6ojpENO9_tNlTgQkuyRND8bPvlj2_JrGHZ43y1F0/rs:fit/g:sm/q:40/h:150/w:150/czM6Ly9kaXNjb2dz/LWRhdGFiYXNlLWlt/YWdlcy9SLTEzMTk0/MjEtMTIxODcyODM1/NS5qcGVn.jpeg
4080688,Stevie Ray Vaughan & Double Trouble,In Step,1989,Rock,Vinyl,https://i.discogs.com/W4w3px--rkg8VtOmR3j6qas1-nTaYtq8AHaDPskZ0cE/rs:fit/g:sm/q:90/h:600/w:600/czM6Ly9kaXNjb2dz/LWRhdGFiYXNlLWlt/YWdlcy9SLTQwODA2/ODgtMTM1NDU4MTAx/My00OTQzLmpwZWc.jpeg,https://i.discogs.com/YJz7uTwf6aYBXN1dCZ8aEOy29iw_F61C5o9BS4-uiFo/rs:fit/g:sm/q:40/h:150/w:150/czM6Ly9kaXNjb2dz/LWRhdGFiYXNlLWlt/YWdlcy9SLTQwODA2/ODgtMTM1NDU4MTAx/My00OTQzLmpwZWc.jpeg
7747375,Michael Jackson,Thriller,1982,Funk / Soul,Vinyl,https://i.discogs.com/mOsyB-vsozsvgy9X04grU3fT_kNuKxy68f3L1RNqCbo/rs:fit/g:sm/q:90/h:601/w:600/czM6Ly9kaXNjb2dz/LWRhdGFiYXNlLWlt/YWdlcy9SLTc3NDcz/NzUtMTQ1NzY0MzY2/OS0xNTQ2LmpwZWc.jpeg,https://i.discogs.com/lrDY4GnTxXad2qzPEXW5azQCJnRjHEna8hNmrfBpgDU/rs:fit/g:sm/q:40/h:150/w:150/czM6Ly9kaXNjb2dz/LWRhdGFiYXNlLWlt/YWdlcy9SLTc3NDcz/NzUtMTQ1NzY0MzY2/OS0xNTQ2LmpwZWc.jpeg
3326094,Johnny Foreigner,Every Cloakroom Ever,2010,Rock,Vinyl,https://i.discogs.com/iioDdd0T2GELSrrpd_LCKxwqOc-oEZoS9cBQ19b0knk/rs:fit/g:sm/q:90/h:500/w:500/czM6Ly9kaXNjb2dz/LWRhdGFiYXNlLWlt/YWdlcy9SLTMzMjYw/OTQtMTM5MzQzMTUx/Mi0yMjM1LmpwZWc.jpeg,https://i.discogs.com/Wd_Y5sfS2WtyE00BOtiRylAx_pKmHi2y2ioDHYv0b1I/rs:fit/g:sm/q:40/h:150/w:150/czM6Ly9kaXNjb2dz/LWRhdGFiYXNlLWlt/YWdlcy9SLTMzMjYw/OTQtMTM5MzQzMTUx/Mi0yMjM1LmpwZWc.jpeg
2233020,Sam Spence,Sounds,2010,Electronic,Vinyl,https://i.discogs.com/bPf1KP6E6lXw9DUBynW2aXLcxGeLLTNUiSQvwPwPTes/rs:fit/g:sm/q:90/h:600/w:600/czM6Ly9kaXNjb2dz/LWRhdGFiYXNlLWlt/YWdlcy9SLTIyMzMw/MjAtMTUzNDQ3MDM0/Mi03NTAzLmpwZWc.jpeg,https://i.discogs.com/uRoupQcm8JP-_KUM03N8TfYkZXKqgQQrU7s1H3JguZU/rs:fit/g:sm/q:40/h:150/w:150/czM6Ly9kaXNjb2dz/LWRhdGFiYXNlLWlt/YWdlcy9SLTIyMzMw/MjAtMTUzNDQ3MDM0/Mi03NTAzLmpwZWc.jpeg
4224013,Woody Herman Sextet,At The Roundtable,1961,Jazz,Vinyl,https://i.discogs.com/ZdyYhFtlZdYR0_2xwtUZSCx4nZiBVfzlvesXZXLpOys/rs:fit/g:sm/q:90/h:530/w:600/czM6Ly9kaXNjb2dz/LWRhdGFiYXNlLWlt/YWdlcy9SLTQyMjQw/MTMtMTM1OTAxNjQw/NC0xNDMwLmpwZWc.jpeg,https://i.discogs.com/yLv-6OGHqXNymgxh7VjBAZnTsgsqVlvaoZnaJ3uikTg/rs:fit/g:sm/q:40/h:150/w:150/czM6Ly9kaXNjb2dz/LWRhdGFiYXNlLWlt/YWdlcy9SLTQyMjQw/MTMtMTM1OTAxNjQw/NC0xNDMwLmpwZWc.jpeg
1810709,The Joy Formidable,Whirring,2009,Rock,Vinyl,https://i.discogs.com/8IngF-Sgmc_vT21sBpt44YeWzMozmofOs53gSU4sGaI/rs:fit/g:sm/q:90/h:593/w:600/czM6Ly9kaXNjb2dz/LWRhdGFiYXNlLWlt/YWdlcy9SLTE4MTA3/MDktMTI0NDgzOTAw/OS5qcGVn.jpeg,https://i.discogs.com/PjESQQ1U_36Y4scO7hmdWClI0gkmyFCkXV5ZyNjEnFk/rs:fit/g:sm/q:40/h:150/w:150/czM6Ly9kaXNjb2dz/LWRhdGFiYXNlLWlt/YWdlcy9SLTE4MTA3/MDktMTI0NDgzOTAw/OS5qcGVn.jpeg
1998702,Beggars (3),The Future,2008,Rock,Vinyl,https://i.discogs.com/RWae4oPHszar1s2ez79qp8Gm-7w8RLspNjrCpKZ9Cb0/rs:fit/g:sm/q:90/h:600/w:600/czM6Ly9kaXNjb2dz/LWRhdGFiYXNlLWlt/YWdlcy9SLTE5OTg3/MDItMTQzODc2NjMy/NS02OTM0LmpwZWc.jpeg,https://i.discogs.com/PEyqSxmi-vROv7NqEPGGyQRwFhIZRaqCJniPJshdcOM/rs:fit/g:sm/q:40/h:150/w:150/czM6Ly9kaXNjb2dz/LWRhdGFiYXNlLWlt/YWdlcy9SLTE5OTg3/MDItMTQzODc2NjMy/NS02OTM0LmpwZWc.jpeg
3968803,TOY (18),Toy / BBC Sessions,2012,Rock,Vinyl,https://i.discogs.com/yYyOSlYAAGNlFvVUgBkzr1PWCU9O3tm425C8vxNDKws/rs:fit/g:sm/q:90/h:224/w:225/czM6Ly9kaXNjb2dz/LWRhdGFiYXNlLWlt/YWdlcy9SLTM5Njg4/MDMtMTM1MDg2MzI2/OC05Nzk2LmpwZWc.jpeg,https://i.discogs.com/C9Ng9Dgz7eJMHzSbAn42bBYpQXJ856oltR0J0AAotFY/rs:fit/g:sm/q:40/h:150/w:150/czM6Ly9kaXNjb2dz/LWRhdGFiYXNlLWlt/YWdlcy9SLTM5Njg4/MDMtMTM1MDg2MzI2/OC05Nzk2LmpwZWc.jpeg
1257481,Big Daddy Moochin,Stump Grindin' / Log Jammin',2007,Funk / Soul,Vinyl,https://i.discogs.com/v9unCl3jtez4md7Ukb9_9AryA3B-MV-bBMYULwpeG18/rs:fit/g:sm/q:90/h:498/w:500/czM6Ly9kaXNjb2dz/LWRhdGFiYXNlLWlt/YWdlcy9SLTEyNTc0/ODEtMTI5OTAxMjYy/NS5qcGVn.jpeg,https://i.discogs.com/Y9Dfe3uW6qpHUZdjpa0swC4y6b5WJvgzcex1Xs42bBk/rs:fit/g:sm/q:40/h:150/w:150/czM6Ly9kaXNjb2dz/LWRhdGFiYXNlLWlt/YWdlcy9SLTEyNTc0/ODEtMTI5OTAxMjYy/NS5qcGVn.jpeg
4448551,John Martyn,Solid Air,2013,Rock,Vinyl,https://i.discogs.com/xjtrq4d4PXjVT0fipXYJ2fxp0hAfuCkCvbI1cGX1uTA/rs:fit/g:sm/q:90/h:599/w:600/czM6Ly9kaXNjb2dz/LWRhdGFiYXNlLWlt/YWdlcy9SLTQ0NDg1/NTEtMTUxNDM3NTEw/Ni05NjcxLmpwZWc.jpeg,https://i.discogs.com/LAHlzLnx6-rAiSCCMlhyx_TXEM6fs0_8iV-gIn2JLCA/rs:fit/g:sm/q:40/h:150/w:150/czM6Ly9kaXNjb2dz/LWRhdGFiYXNlLWlt/YWdlcy9SLTQ0NDg1/NTEtMTUxNDM3NTEw/Ni05NjcxLmpwZWc.jpeg
1589668,Fairport Convention,Liege & Lief,1970,Rock,Vinyl,https://i.discogs.com/Axw66nVFp3snPUGzfS0QIlsPDUN7pCz2RopvszoAI7M/rs:fit/g:sm/q:90/h:588/w:600/czM6Ly9kaXNjb2dz/LWRhdGFiYXNlLWlt/YWdlcy9SLTE1ODk2/NjgtMTM5MDA1Nzk3/MC05MTkwLmpwZWc.jpeg,https://i.discogs.com/CUBGFUW5WerlFhLsf4gxqys8kweCb9EbkFF2bPAScYY/rs:fit/g:sm/q:40/h:150/w:150/czM6Ly9kaXNjb2dz/LWRhdGFiYXNlLWlt/YWdlcy9SLTE1ODk2/NjgtMTM5MDA1Nzk3/MC05MTkwLmpwZWc.jpeg
1172773,Cat Stevens,Mona Bone Jakon,1970,Rock,Vinyl,https://i.discogs.com/6zMI2a3dnugiV_sYw25N_dEnY8rpEg9pXq4GGSjjUbw/rs:fit/g:sm/q:90/h:496/w:500/czM6Ly9kaXNjb2dz/LWRhdGFiYXNlLWlt/YWdlcy9SLTExNzI3/NzMtMTM1MzEwNjA4/My04ODkyLmpwZWc.jpeg,https://i.discogs.com/_fmiGWhZw_SqnwgmbvqCua3hOA0bbM1jBRBVipoxYxU/rs:fit/g:sm/q:40/h:150/w:150/czM6Ly9kaXNjb2dz/LWRhdGFiYXNlLWlt/YWdlcy9SLTExNzI3/NzMtMTM1MzEwNjA4/My04ODkyLmpwZWc.jpeg
473873,Cat Stevens,Tea For The Tillerman,1970,Pop,Vinyl,https://i.discogs.com/PycZ2uK8cax6Pcu3KduZFZfudXplB8GJ0t0u0v5JxL8/rs:fit/g:sm/q:90/h:600/w:600/czM6Ly9kaXNjb2dz/LWRhdGFiYXNlLWlt/YWdlcy9SLTQ3Mzg3/My0xMTYyODE0NTA1/LmpwZWc.jpeg,https://i.discogs.com/Hj16xhexF1h_mgIfjrgVXzz63cyyI_qKUEylyjSW0RQ/rs:fit/g:sm/q:40/h:150/w:150/czM6Ly9kaXNjb2dz/LWRhdGFiYXNlLWlt/YWdlcy9SLTQ3Mzg3/My0xMTYyODE0NTA1/LmpwZWc.jpeg
4088125,Nick Drake,Pink Moon,0,Rock,Vinyl,https://i.discogs.com/bkduGSQc2YrrsZKj-18hoKOLHKY_xuG-aV2QUq6PWgI/rs:fit/g:sm/q:90/h:500/w:494/czM6Ly9kaXNjb2dz/LWRhdGFiYXNlLWlt/YWdlcy9SLTQwODgx/MjUtMTM1NDgyOTAx/OC05NDAxLmpwZWc.jpeg,https://i.discogs.com/3kPjQO-ALqjm3TNDtIwE4-gRsqZmmAV-q7xwqKkXedU/rs:fit/g:sm/q:40/h:150/w:150/czM6Ly9kaXNjb2dz/LWRhdGFiYXNlLWlt/YWdlcy9SLTQwODgx/MjUtMTM1NDgyOTAx/OC05NDAxLmpwZWc.jpeg
594683,Bob Marley & The Wailers,Babylon By Bus,1978,Reggae,Vinyl,https://i.discogs.com/ugpT6kVgtgdNxdorU-YKW9C_p4TWIHDvbSAaRAP0J9Y/rs:fit/g:sm/q:90/h:600/w:600/czM6Ly9kaXNjb2dz/LWRhdGFiYXNlLWlt/YWdlcy9SLTU5NDY4/My0xNjU3MDk3MjMw/LTM1MDAuanBlZw.jpeg,https://i.discogs.com/j4GJ_yK5PllYq2Y98wuuqXtuldit-fjiC7iKSiRiGAY/rs:fit/g:sm/q:40/h:150/w:150/czM6Ly9kaXNjb2dz/LWRhdGFiYXNlLWlt/YWdlcy9SLTU5NDY4/My0xNjU3MDk3MjMw/LTM1MDAuanBlZw.jpeg
10456142,U2,The Joshua Tree,1987,Rock,Vinyl,https://i.discogs.com/SzSEPTNy4Ub-4ItKuwynus0KCweh_bBXH1imcyZPLg0/rs:fit/g:sm/q:90/h:600/w:600/czM6Ly9kaXNjb2dz/LWRhdGFiYXNlLWlt/YWdlcy9SLTEwNDU2/MTQyLTE1ODM0MDU4/MjEtNTQ5MC5qcGVn.jpeg,https://i.discogs.com/DsL-T2nrc4i3Zx57rua26y1-7M5tPqG2JOOlR91MEgs/rs:fit/g:sm/q:40/h:150/w:150/czM6Ly9kaXNjb2dz/LWRhdGFiYXNlLWlt/YWdlcy9SLTEwNDU2/MTQyLTE1ODM0MDU4/MjEtNTQ5MC5qcGVn.jpeg
1401897,Amazulu,Don't You Just Know It,1985,Electronic,Vinyl,https://i.discogs.com/jpXIdmMGRytScWndU0No-xJzm0ulg-OWTVDA0lYke8s/rs:fit/g:sm/q:90/h:453/w:450/czM6Ly9kaXNjb2dz/LWRhdGFiYXNlLWlt/YWdlcy9SLTE0MDE4/OTctMTI2Njg3MTA5/MS5qcGVn.jpeg,https://i.discogs.com/zKqT5pMKlllZJauFZ4ZPIfidmiSF-Qnjt_83GhG4UmY/rs:fit/g:sm/q:40/h:150/w:150/czM6Ly9kaXNjb2dz/LWRhdGFiYXNlLWlt/YWdlcy9SLTE0MDE4/OTctMTI2Njg3MTA5/MS5qcGVn.jpeg
2596551,Nick Drake,Five Leaves Left,2008,Rock,Vinyl,https://i.discogs.com/e0VqVoquciSowjwKT-miAKqjbJ8sHNLEUrcKIw6aya4/rs:fit/g:sm/q:90/h:600/w:600/czM6Ly9kaXNjb2dz/LWRhdGFiYXNlLWlt/YWdlcy9SLTI1OTY1/NTEtMTQwMjQwMTk2/Ny05MTk4LmpwZWc.jpeg,https://i.discogs.com/eWfSdHOmBJ9pMiD27Wjpyj7Ad-lPd8-wL5x_yk0XQwQ/rs:fit/g:sm/q:40/h:150/w:150/czM6Ly9kaXNjb2dz/LWRhdGFiYXNlLWlt/YWdlcy9SLTI1OTY1/NTEtMTQwMjQwMTk2/Ny05MTk4LmpwZWc.jpeg
414618,Cat Stevens,Teaser And The Firecat,1971,Rock,Vinyl,https://i.discogs.com/0c7vOQa57dI2UTi_QBxmsPERb816Yf1xCDFwi8EWmog/rs:fit/g:sm/q:90/h:455/w:458/czM6Ly9kaXNjb2dz/LWRhdGFiYXNlLWlt/YWdlcy9SLTQxNDYx/OC0xNTA1MTI3ODE2/LTQ3MDYuanBlZw.jpeg,https://i.discogs.com/-6yOSiPrCtO1-4CSxQ5qA_HuPQG92r0P5fo3hwkeWlM/rs:fit/g:sm/q:40/h:150/w:150/czM6Ly9kaXNjb2dz/LWRhdGFiYXNlLWlt/YWdlcy9SLTQxNDYx/OC0xNTA1MTI3ODE2/LTQ3MDYuanBlZw.jpeg
425175,Traffic,When The Eagle Flies,1974,Rock,Vinyl,https://i.discogs.com/VvgCZTiXRbKG1W8IbPnIZ2b4b1PSBy4GV4MWu91NaZ0/rs:fit/g:sm/q:90/h:600/w:600/czM6Ly9kaXNjb2dz/LWRhdGFiYXNlLWlt/YWdlcy9SLTQyNTE3/NS0xNTI1OTYxMDEx/LTM5ODMuanBlZw.jpeg,https://i.discogs.com/afYGpiPfvTq3ioMKHxqJ_tSDNVejTDU1AADf_Ds0rq4/rs:fit/g:sm/q:40/h:150/w:150/czM6Ly9kaXNjb2dz/LWRhdGFiYXNlLWlt/YWdlcy9SLTQyNTE3/NS0xNTI1OTYxMDEx/LTM5ODMuanBlZw.jpeg
4772045,Nick Drake,Bryter Layter,2009,Rock,Vinyl,https://i.discogs.com/rwhmBDE3G0WH2AFG6yJmjXwR3iSU1bS6b0LdlXSaYeE/rs:fit/g:sm/q:90/h:600/w:599/czM6Ly9kaXNjb2dz/LWRhdGFiYXNlLWlt/YWdlcy9SLTQ3NzIw/NDUtMTM3NTA0ODQx/NC02MDU5LmpwZWc.jpeg,https://i.discogs.com/ADusOI8EQlzh5fxWSg3jGPMML1HANWn2ar-Jq0U9Vp0/rs:fit/g:sm/q:40/h:150/w:150/czM6Ly9kaXNjb2dz/LWRhdGFiYXNlLWlt/YWdlcy9SLTQ3NzIw/NDUtMTM3NTA0ODQx/NC02MDU5LmpwZWc.jpeg
1178876,John Coltrane,Bye Bye Blackbird,1985,Jazz,Vinyl,https://i.discogs.com/owavon8wf_TRmDZ64hcfQ87w4sMT8KWaxDPbyBXPzJc/rs:fit/g:sm/q:90/h:293/w:405/czM6Ly9kaXNjb2dz/LWRhdGFiYXNlLWlt/YWdlcy9SLTExNzg4/NzYtMTI3MTgwNzg1/Mi5qcGVn.jpeg,https://i.discogs.com/5RwSRZDFDD_vMOasCjr-RPM-13TM2DO74sJ4JXDTmLM/rs:fit/g:sm/q:40/h:150/w:150/czM6Ly9kaXNjb2dz/LWRhdGFiYXNlLWlt/YWdlcy9SLTExNzg4/NzYtMTI3MTgwNzg1/Mi5qcGVn.jpeg
234318,The Upsetter,Kung Fu Meets The Dragon,1995,Reggae,Vinyl,https://i.discogs.com/vTYkVuIUsu-121N-etJc1ezLUSO8Oe-ZCPfS8v8AiFA/rs:fit/g:sm/q:90/h:595/w:595/czM6Ly9kaXNjb2dz/LWRhdGFiYXNlLWlt/YWdlcy9SLTIzNDMx/OC0xNDE1MDk4ODQy/LTMwMTEuanBlZw.jpeg,https://i.discogs.com/n2iYqW_0YjMVxhSjCjgfKWbmLZn6WPKZwbXSRYrEKGA/rs:fit/g:sm/q:40/h:150/w:150/czM6Ly9kaXNjb2dz/LWRhdGFiYXNlLWlt/YWdlcy9SLTIzNDMx/OC0xNDE1MDk4ODQy/LTMwMTEuanBlZw.jpeg
2823030,The Monkees,Hey! Hey! It's The Monkees Greatest Hits,1989,Pop,Vinyl,https://i.discogs.com/eHPzPyS3976RK8CkPry5YF_SsP2K-SHinMTcKqGIq5I/rs:fit/g:sm/q:90/h:295/w:280/czM6Ly9kaXNjb2dz/LWRhdGFiYXNlLWlt/YWdlcy9SLTI4MjMw/MzAtMTMwMjYyOTUy/Ny5qcGVn.jpeg,https://i.discogs.com/pVkpl6Kt2HmjDEVt-OKcDxtv_iUE-lDhV5SGsCjhQ0U/rs:fit/g:sm/q:40/h:150/w:150/czM6Ly9kaXNjb2dz/LWRhdGFiYXNlLWlt/YWdlcy9SLTI4MjMw/MzAtMTMwMjYyOTUy/Ny5qcGVn.jpeg
20339770,Michael Baker (19),Salt,2019,Rock,Vinyl,https://i.discogs.com/TDiGAFhbUs9zuivwR_TJFeUVZYSM5JBfKIagl7mL9Rc/rs:fit/g:sm/q:90/h:593/w:600/czM6Ly9kaXNjb2dz/LWRhdGFiYXNlLWlt/YWdlcy9SLTIwMzM5/NzcwLTE2MzI0MTAz/OTctNTY2MC5qcGVn.jpeg,https://i.discogs.com/r6aRTlYtCe0WV-jQKkHc__S51yysJnC7GLDWaC6Ycr4/rs:fit/g:sm/q:40/h:150/w:150/czM6Ly9kaXNjb2dz/LWRhdGFiYXNlLWlt/YWdlcy9SLTIwMzM5/NzcwLTE2MzI0MTAz/OTctNTY2MC5qcGVn.jpeg
2260629,The Thermals,Record Store Day Split,2010,Rock,Vinyl,https://i.discogs.com/svWvS3OckOaY3v8X8QY1RKOOw_Fp5gMa1r5cNi9jtDM/rs:fit/g:sm/q:90/h:610/w:600/czM6Ly9kaXNjb2dz/LWRhdGFiYXNlLWlt/YWdlcy9SLTIyNjA2/MjktMTI3Mjk2ODI2/My5qcGVn.jpeg,https://i.discogs.com/aqsMDHBIGPMatHRw3UcWbBlB7UOiFy_22kYx5ekz7zg/rs:fit/g:sm/q:40/h:150/w:150/czM6Ly9kaXNjb2dz/LWRhdGFiYXNlLWlt/YWdlcy9SLTIyNjA2/MjktMTI3Mjk2ODI2/My5qcGVn.jpeg
8011731,Films Of Colour,Actions / Circles,2010,Rock,Vinyl,https://i.discogs.com/nFevzU-rPnUkZEbt7tutwegdu047yKf8-mVn0z5F4aA/rs:fit/g:sm/q:90/h:460/w:460/czM6Ly9kaXNjb2dz/LWRhdGFiYXNlLWlt/YWdlcy9SLTgwMTE3/MzEtMTQ1MzQ2MDYy/My00NDEyLmpwZWc.jpeg,https://i.discogs.com/6YNztF-1BvmN7fWxf-_qcemYpP03lPCaOKiSSG4QKmY/rs:fit/g:sm/q:40/h:150/w:150/czM6Ly9kaXNjb2dz/LWRhdGFiYXNlLWlt/YWdlcy9SLTgwMTE3/MzEtMTQ1MzQ2MDYy/My00NDEyLmpwZWc.jpeg
4467995,Various,Tropicália Ou Panis Et Circensis,2008,Rock,Vinyl,https://i.discogs.com/xm_9nw_oT9uN_1-bayW61mOmVIOrctahP0F4g7hbFk8/rs:fit/g:sm/q:90/h:597/w:600/czM6Ly9kaXNjb2dz/LWRhdGFiYXNlLWlt/YWdlcy9SLTQ0Njc5/OTUtMTUwNjI2NzU4/Mi0zMzYxLmpwZWc.jpeg,https://i.discogs.com/3DPq1Dmapa2mctbozCZZctyA-AAgZCuNcfNldTADXL8/rs:fit/g:sm/q:40/h:150/w:150/czM6Ly9kaXNjb2dz/LWRhdGFiYXNlLWlt/YWdlcy9SLTQ0Njc5/OTUtMTUwNjI2NzU4/Mi0zMzYxLmpwZWc.jpeg
2108262,Various,Love & Disaster 1,2010,Rock,Vinyl,https://i.discogs.com/E-wP_SdmzEa_r9Ca_uMt-tlQ3j0M7fkGggrJRYJSdU4/rs:fit/g:sm/q:90/h:544/w:550/czM6Ly9kaXNjb2dz/LWRhdGFiYXNlLWlt/YWdlcy9SLTIxMDgy/NjItMTI2NDQ1MDQ3/NC5qcGVn.jpeg,https://i.discogs.com/G7sA5-EqBbEQazPr7JifFMu5ZxU7tI37jk8ZiY5uIXo/rs:fit/g:sm/q:40/h:150/w:150/czM6Ly9kaXNjb2dz/LWRhdGFiYXNlLWlt/YWdlcy9SLTIxMDgy/NjItMTI2NDQ1MDQ3/NC5qcGVn.jpeg
1833816,"Emerson, Lake & Palmer",Emerson Lake & Palmer,1973,Rock,Vinyl,https://i.discogs.com/RXrm2Dxpl2_vEnBdOtw5x_Sl4npVUG3_NdO1Ro7YupU/rs:fit/g:sm/q:90/h:600/w:600/czM6Ly9kaXNjb2dz/LWRhdGFiYXNlLWlt/YWdlcy9SLTE4MzM4/MTYtMTM3OTQ0NDI5/Mi01ODA0LmpwZWc.jpeg,https://i.discogs.com/Sd_T4Sh7FnTRFB-yE10XEXMySoRdsmagj2k-IxRctwU/rs:fit/g:sm/q:40/h:150/w:150/czM6Ly9kaXNjb2dz/LWRhdGFiYXNlLWlt/YWdlcy9SLTE4MzM4/MTYtMTM3OTQ0NDI5/Mi01ODA0LmpwZWc.jpeg
5991250,"Emerson, Lake & Palmer",Trilogy,0,Rock,Vinyl,https://i.discogs.com/IF4kpKib7_BwassEvNAJ-9diFUMP-70Co0Cdw-QqoNo/rs:fit/g:sm/q:90/h:500/w:500/czM6Ly9kaXNjb2dz/LWRhdGFiYXNlLWlt/YWdlcy9SLTU5OTEy/NTAtMTQyNzE0NDg4/Mi04NjExLmpwZWc.jpeg,https://i.discogs.com/uINjQuQtyf6Xja4ZiT6pt-GapRlc5n7wlFRJN8mgWtw/rs:fit/g:sm/q:40/h:150/w:150/czM6Ly9kaXNjb2dz/LWRhdGFiYXNlLWlt/YWdlcy9SLTU5OTEy/NTAtMTQyNzE0NDg4/Mi04NjExLmpwZWc.jpeg
5466096,"Emerson, Lake & Palmer",Pictures At An Exhibition,0,Rock,Vinyl,https://i.discogs.com/hHBWzDFNfylBQuGeEi97owSLvI7KIuSCD0BvPk3l5nM/rs:fit/g:sm/q:90/h:582/w:600/czM6Ly9kaXNjb2dz/LWRhdGFiYXNlLWlt/YWdlcy9SLTU0NjYw/OTYtMTM5ODA4Mzc0/MC0xMTk3LmpwZWc.jpeg,https://i.discogs.com/9-rrTuWeVSSt1lS8MKgffdQzygLOHFiHeWnulhlxcMg/rs:fit/g:sm/q:40/h:150/w:150/czM6Ly9kaXNjb2dz/LWRhdGFiYXNlLWlt/YWdlcy9SLTU0NjYw/OTYtMTM5ODA4Mzc0/MC0xMTk3LmpwZWc.jpeg
4031206,"Emerson, Lake & Palmer",Brain Salad Surgery,1973,Rock,Vinyl,https://i.discogs.com/WhWj-7MSxvlLVEDhXzI4qKOzjIGq59LxBGyCxX7bbKs/rs:fit/g:sm/q:90/h:611/w:600/czM6Ly9kaXNjb2dz/LWRhdGFiYXNlLWlt/YWdlcy9SLTQwMzEy/MDYtMTUxMjQ4MzIz/My0xNTMxLmpwZWc.jpeg,https://i.discogs.com/XqlHBy0PRFW_fLqHSpp7sc2FJXF8NWRKj0iE5v3q1Bo/rs:fit/g:sm/q:40/h:150/w:150/czM6Ly9kaXNjb2dz/LWRhdGFiYXNlLWlt/YWdlcy9SLTQwMzEy/MDYtMTUxMjQ4MzIz/My0xNTMxLmpwZWc.jpeg
10596103,Childhood (3),Universal High ,2017,Rock,Vinyl,https://i.discogs.com/2oyEqGUNbzlQ8A_uFEkf9V_pUVDUWZT09L39UhoO7mQ/rs:fit/g:sm/q:90/h:600/w:600/czM6Ly9kaXNjb2dz/LWRhdGFiYXNlLWlt/YWdlcy9SLTEwNTk2/MTAzLTE1MDA2MzM5/NDYtOTA4OS5qcGVn.jpeg,https://i.discogs.com/lURfFcLKJJ1wKv6-NZM2kQPFlXvHGiDI91wEnIcYf_k/rs:fit/g:sm/q:40/h:150/w:150/czM6Ly9kaXNjb2dz/LWRhdGFiYXNlLWlt/YWdlcy9SLTEwNTk2/MTAzLTE1MDA2MzM5/NDYtOTA4OS5qcGVn.jpeg
1595229,Donovan,What's Bin Did And What's Bin Hid,1969,Rock,Vinyl,https://i.discogs.com/MZ56HbnY4lRg8vpOGGd6KE8zb-qrez3_wCLbs0rNEIU/rs:fit/g:sm/q:90/h:564/w:572/czM6Ly9kaXNjb2dz/LWRhdGFiYXNlLWlt/YWdlcy9SLTE1OTUy/MjktMTI5MzIwMjEw/NC5qcGVn.jpeg,https://i.discogs.com/obkLJky_HdNbcay9vVqHY0q1Q41b6jlm8QvJaCjbSB4/rs:fit/g:sm/q:40/h:150/w:150/czM6Ly9kaXNjb2dz/LWRhdGFiYXNlLWlt/YWdlcy9SLTE1OTUy/MjktMTI5MzIwMjEw/NC5qcGVn.jpeg
1596116,Donovan,Fairytale,1969,Rock,Vinyl,https://i.discogs.com/HuYhic03VYRryH9FbT4cH5EcA3ypmyS-vOd82a6WVxc/rs:fit/g:sm/q:90/h:600/w:600/czM6Ly9kaXNjb2dz/LWRhdGFiYXNlLWlt/YWdlcy9SLTE1OTYx/MTYtMTM3NTk1Njc2/Ni01MjAxLmdpZg.jpeg,https://i.discogs.com/Q6SewoEV6GEWKbju2sAqkt9RXZDQOkS9qWvbe4gudhA/rs:fit/g:sm/q:40/h:150/w:150/czM6Ly9kaXNjb2dz/LWRhdGFiYXNlLWlt/YWdlcy9SLTE1OTYx/MTYtMTM3NTk1Njc2/Ni01MjAxLmdpZg.jpeg
5667894,Wishbone Ash,Pilgrimage,1971,Rock,Vinyl,https://i.discogs.com/0dvQsgevbGakfNGqev3rVRAH_6O48-0wXeXZ7846_x8/rs:fit/g:sm/q:90/h:591/w:600/czM6Ly9kaXNjb2dz/LWRhdGFiYXNlLWlt/YWdlcy9SLTU2Njc4/OTQtMTUwMjMxMDgy/MC02ODc4LmpwZWc.jpeg,https://i.discogs.com/jEI2OnowODlph_OlAMspsVQny8KLELBnBI0Rp3TAaHs/rs:fit/g:sm/q:40/h:150/w:150/czM6Ly9kaXNjb2dz/LWRhdGFiYXNlLWlt/YWdlcy9SLTU2Njc4/OTQtMTUwMjMxMDgy/MC02ODc4LmpwZWc.jpeg
5022605,Sinitta,So Macho!,1986,Electronic,Vinyl,https://i.discogs.com/TqaFbbovowUDjt72kHTnww4MMNd4GiXe9hqHA4iTIFs/rs:fit/g:sm/q:90/h:536/w:536/czM6Ly9kaXNjb2dz/LWRhdGFiYXNlLWlt/YWdlcy9SLTUwMjI2/MDUtMTM4MjM3OTg5/NS0zOTQxLmpwZWc.jpeg,https://i.discogs.com/UxLsjV5g4Jtq0mbu1GqFpIA-nwZ4P0nwOAze0HkwaSI/rs:fit/g:sm/q:40/h:150/w:150/czM6Ly9kaXNjb2dz/LWRhdGFiYXNlLWlt/YWdlcy9SLTUwMjI2/MDUtMTM4MjM3OTg5/NS0zOTQxLmpwZWc.jpeg
438323,Rod Stewart,Sing It Again Rod,1973,Rock,Vinyl,https://i.discogs.com/1NQtgfpNh2amqRkHiWWvztgQWoLW5AZ8Kf6n4wBPAc4/rs:fit/g:sm/q:90/h:600/w:597/czM6Ly9kaXNjb2dz/LWRhdGFiYXNlLWlt/YWdlcy9SLTQzODMy/My0xMzk3OTExODM5/LTY5NjcuanBlZw.jpeg,https://i.discogs.com/DnEzHl9xSevd5zyTHFNc31_9sUs808Oxjz4jgbVNvrw/rs:fit/g:sm/q:40/h:150/w:150/czM6Ly9kaXNjb2dz/LWRhdGFiYXNlLWlt/YWdlcy9SLTQzODMy/My0xMzk3OTExODM5/LTY5NjcuanBlZw.jpeg
1249745,Steve Miller Band,Fly Like An Eagle,1976,Rock,Vinyl,https://i.discogs.com/Rd2hiXUo_Rn9PRvKm5Zn_Vcau2KSKXbLxSBGi9L453c/rs:fit/g:sm/q:90/h:592/w:600/czM6Ly9kaXNjb2dz/LWRhdGFiYXNlLWlt/YWdlcy9SLTEyNDk3/NDUtMTUxNzU2OTM5/NC04MDEyLmpwZWc.jpeg,https://i.discogs.com/tvLpD1mIBHU9NI963i9y1_N-bjC4Oop0MGV8OuZ8QoQ/rs:fit/g:sm/q:40/h:150/w:150/czM6Ly9kaXNjb2dz/LWRhdGFiYXNlLWlt/YWdlcy9SLTEyNDk3/NDUtMTUxNzU2OTM5/NC04MDEyLmpwZWc.jpeg
848848,10cc,Deceptive Bends,1977,Rock,Vinyl,https://i.discogs.com/43MFQ6WzY4IoE7i3H8eW2QnkHS7IBMuUq9VS1OZZP80/rs:fit/g:sm/q:90/h:504/w:500/czM6Ly9kaXNjb2dz/LWRhdGFiYXNlLWlt/YWdlcy9SLTg0ODg0/OC0xMjI2MjYyNTE2/LmpwZWc.jpeg,https://i.discogs.com/JSwBkjqD6QYDji3YWgh9LKuWobyIdIGYkdWQKx8pvf4/rs:fit/g:sm/q:40/h:150/w:150/czM6Ly9kaXNjb2dz/LWRhdGFiYXNlLWlt/YWdlcy9SLTg0ODg0/OC0xMjI2MjYyNTE2/LmpwZWc.jpeg
334623,The Velvet Underground,The Velvet Underground & Nico,1971,Rock,Vinyl,https://i.discogs.com/_kJ7PFgyBwCJpKQm8iRPlTH7HcYcBRfY4YYbu3TwFmQ/rs:fit/g:sm/q:90/h:600/w:600/czM6Ly9kaXNjb2dz/LWRhdGFiYXNlLWlt/YWdlcy9SLTMzNDYy/My0xMzM3NzYzMjcz/LTY3NDIuanBlZw.jpeg,https://i.discogs.com/RDSTLmnlSTT7ss3jB0B77sBqQJOQ-yjRIiTjFdOBQoY/rs:fit/g:sm/q:40/h:150/w:150/czM6Ly9kaXNjb2dz/LWRhdGFiYXNlLWlt/YWdlcy9SLTMzNDYy/My0xMzM3NzYzMjcz/LTY3NDIuanBlZw.jpeg
5833783,The Ink Spots,The Fabulous Ink Spots,0,Rock,Vinyl,https://i.discogs.com/yEfAld7ZZGpUWucj_nU4GkbeWmHWLHWebZ0E0KlolEY/rs:fit/g:sm/q:90/h:566/w:600/czM6Ly9kaXNjb2dz/LWRhdGFiYXNlLWlt/YWdlcy9SLTU4MzM3/ODMtMTQwMzk5MjU2/NC01MDYzLmpwZWc.jpeg,https://i.discogs.com/HXPzfDFB6CGcOcmLphajai3-SByyQQc4RXv9PvG8xn8/rs:fit/g:sm/q:40/h:150/w:150/czM6Ly9kaXNjb2dz/LWRhdGFiYXNlLWlt/YWdlcy9SLTU4MzM3/ODMtMTQwMzk5MjU2/NC01MDYzLmpwZWc.jpeg
4402458,Monster Zoku Onsomb!,Excita / Lost It,2012,Electronic,Vinyl,https://i.discogs.com/NwMTY78-9DJI2qaK6bqMyBW3LmJahQ-HWWTBIttv-48/rs:fit/g:sm/q:90/h:485/w:500/czM6Ly9kaXNjb2dz/LWRhdGFiYXNlLWlt/YWdlcy9SLTQ0MDI0/NTgtMTM2Mzk0ODY3/MC00MDU2LmpwZWc.jpeg,https://i.discogs.com/MeSeFUZLbWbHli6GVFo6zHRJxfBnnEd6awSyR5PgeG0/rs:fit/g:sm/q:40/h:150/w:150/czM6Ly9kaXNjb2dz/LWRhdGFiYXNlLWlt/YWdlcy9SLTQ0MDI0/NTgtMTM2Mzk0ODY3/MC00MDU2LmpwZWc.jpeg
13871878,The Rhythm Method (8),How Would You Know I Was Lonely?,2019,Pop,Vinyl,https://i.discogs.com/k_xDu-cJ-xlu7TxPyAu_459WWEQp9NQ4lQzNiop0u0U/rs:fit/g:sm/q:90/h:600/w:600/czM6Ly9kaXNjb2dz/LWRhdGFiYXNlLWlt/YWdlcy9SLTEzODcx/ODc4LTE1NjMwMTA4/OTQtMjY3Ny5qcGVn.jpeg,https://i.discogs.com/qVpIaqS-ul8hwEFi5o2z3oKySJc30Np6mQXhdHOvxF8/rs:fit/g:sm/q:40/h:150/w:150/czM6Ly9kaXNjb2dz/LWRhdGFiYXNlLWlt/YWdlcy9SLTEzODcx/ODc4LTE1NjMwMTA4/OTQtMjY3Ny5qcGVn.jpeg
8545552,Lionel Richie,Can't Slow Down,1983,Funk / Soul,Vinyl,https://i.discogs.com/kq91kQ5Bn3LCDEvolhKs3fCLeWl9GL59-96SD07AJ04/rs:fit/g:sm/q:90/h:581/w:600/czM6Ly9kaXNjb2dz/LWRhdGFiYXNlLWlt/YWdlcy9SLTg1NDU1/NTItMTQ2Mzc2ODQ0/My0xODE4LmpwZWc.jpeg,https://i.discogs.com/z_odNnmjF3LmRPAkwaqKr8VKgP67YqVUQaWjLMfiZN4/rs:fit/g:sm/q:40/h:150/w:150/czM6Ly9kaXNjb2dz/LWRhdGFiYXNlLWlt/YWdlcy9SLTg1NDU1/NTItMTQ2Mzc2ODQ0/My0xODE4LmpwZWc.jpeg
11915743,George Duke,The Aura Will Prevail,2018,Jazz,Vinyl,https://i.discogs.com/KyalleUUnZkqnZSxZboZqncnYROukGdZSXwGjZDBQlQ/rs:fit/g:sm/q:90/h:380/w:380/czM6Ly9kaXNjb2dz/LWRhdGFiYXNlLWlt/YWdlcy9SLTExOTE1/NzQzLTE1MzEwNTIy/NzAtOTI3Ni5qcGVn.jpeg,https://i.discogs.com/5gcISXDdX3eMfs3DEPjtg86FOsNiVOaVsDu7BEKVjIQ/rs:fit/g:sm/q:40/h:150/w:150/czM6Ly9kaXNjb2dz/LWRhdGFiYXNlLWlt/YWdlcy9SLTExOTE1/NzQzLTE1MzEwNTIy/NzAtOTI3Ni5qcGVn.jpeg
8825534,Banda Black Rio,Maria Fumaça,2016,Jazz,Vinyl,https://i.discogs.com/ndEKJ4eIHOtDCwnv5nmm_33H0wLU-mNDoBSRAui1yUg/rs:fit/g:sm/q:90/h:500/w:500/czM6Ly9kaXNjb2dz/LWRhdGFiYXNlLWlt/YWdlcy9SLTg4MjU1/MzQtMTQ3MTM4NjI4/OS00NTg1LmpwZWc.jpeg,https://i.discogs.com/NxPttU1EaBRuS5fxB6rDgK9_PUc4CnuThIzm4xd6j4M/rs:fit/g:sm/q:40/h:150/w:150/czM6Ly9kaXNjb2dz/LWRhdGFiYXNlLWlt/YWdlcy9SLTg4MjU1/MzQtMTQ3MTM4NjI4/OS00NTg1LmpwZWc.jpeg
2858618,Marlene Dietrich,The Legendary Marlene Dietrich,1967,Pop,Vinyl,https://i.discogs.com/bB-LUFhmThvy-jz12ARqH3snNCGspQG1H18G6oWvN6w/rs:fit/g:sm/q:90/h:600/w:600/czM6Ly9kaXNjb2dz/LWRhdGFiYXNlLWlt/YWdlcy9SLTI4NTg2/MTgtMTU0NDMwMTI3/NS0yNTU5LmpwZWc.jpeg,https://i.discogs.com/KsHfd-gvKIbT-YiY39dZLo40nB8lGJweU54OUPUPJeU/rs:fit/g:sm/q:40/h:150/w:150/czM6Ly9kaXNjb2dz/LWRhdGFiYXNlLWlt/YWdlcy9SLTI4NTg2/MTgtMTU0NDMwMTI3/NS0yNTU5LmpwZWc.jpeg
726715,The Beach Boys,The Beach Boys,1970,Pop,Vinyl,https://i.discogs.com/Vx5BPGtZeQ-IzcBToN68eVBtlVTrsrlSVRRVAC1onJQ/rs:fit/g:sm/q:90/h:575/w:600/czM6Ly9kaXNjb2dz/LWRhdGFiYXNlLWlt/YWdlcy9SLTcyNjcx/NS0xMzQ3Mjk0MjM2/LTM0NzIuanBlZw.jpeg,https://i.discogs.com/UkUS2jbdY5a3oug6E-0E07vsiqWuQoW0aBIjLCRjHzk/rs:fit/g:sm/q:40/h:150/w:150/czM6Ly9kaXNjb2dz/LWRhdGFiYXNlLWlt/YWdlcy9SLTcyNjcx/NS0xMzQ3Mjk0MjM2/LTM0NzIuanBlZw.jpeg
694654,King Kong (4),Funky Reggae,1974,Reggae,Vinyl,https://i.discogs.com/gsm2-Fsc91sv1Wf0i4qE1HnD0hRlKtNJYVU1Bdvtw_w/rs:fit/g:sm/q:90/h:586/w:600/czM6Ly9kaXNjb2dz/LWRhdGFiYXNlLWlt/YWdlcy9SLTY5NDY1/NC0xMzQ4NjYwODc1/LTUzMjAuanBlZw.jpeg,https://i.discogs.com/9qcIKOMhTRU_86lPax3uVm5COtwFuNA9OnZ6wqc1lVg/rs:fit/g:sm/q:40/h:150/w:150/czM6Ly9kaXNjb2dz/LWRhdGFiYXNlLWlt/YWdlcy9SLTY5NDY1/NC0xMzQ4NjYwODc1/LTUzMjAuanBlZw.jpeg
3048648,Neville Dickie,Back To Boogie (The Goodtime Piano Of Neville Dickie),1975,Blues,Vinyl,https://i.discogs.com/lWgXP68kIgf95V3iqaquBGZuc8P1ED-SWge_UCWaGBQ/rs:fit/g:sm/q:90/h:464/w:464/czM6Ly9kaXNjb2dz/LWRhdGFiYXNlLWlt/YWdlcy9SLTMwNDg2/NDgtMTMxNDcxMjUx/NS5qcGVn.jpeg,https://i.discogs.com/79dGveCilrdkYi_v2LCR6-3oXwKr50FavCmICSS9SLs/rs:fit/g:sm/q:40/h:150/w:150/czM6Ly9kaXNjb2dz/LWRhdGFiYXNlLWlt/YWdlcy9SLTMwNDg2/NDgtMTMxNDcxMjUx/NS5qcGVn.jpeg
2291464,Joe Cocker,With A Little Help From My Friends,1971,Rock,Vinyl,https://i.discogs.com/AyaClmkUJ_q5ik31d2sHwbEjSmAbvfIFgGeIn3uOK68/rs:fit/g:sm/q:90/h:500/w:500/czM6Ly9kaXNjb2dz/LWRhdGFiYXNlLWlt/YWdlcy9SLTIyOTE0/NjQtMTI3NDgyMDc2/My5qcGVn.jpeg,https://i.discogs.com/bG5g2lvgLnv97zG7XgMsE2d_G2xJq0gB0cR6DK2DQMk/rs:fit/g:sm/q:40/h:150/w:150/czM6Ly9kaXNjb2dz/LWRhdGFiYXNlLWlt/YWdlcy9SLTIyOTE0/NjQtMTI3NDgyMDc2/My5qcGVn.jpeg
97230,Yazoo,Upstairs At Eric's,1982,Electronic,Vinyl,https://i.discogs.com/GhkWChE7Hf4J8d7wJQ3EqfGx574OZejutjOEGL__yFM/rs:fit/g:sm/q:90/h:603/w:600/czM6Ly9kaXNjb2dz/LWRhdGFiYXNlLWlt/YWdlcy9SLTk3MjMw/LTE1Mjg1NjEwMTYt/NTg4Mi5qcGVn.jpeg,https://i.discogs.com/h3Gcr9f2pLM2Vn0wL462tt5E-8zRp6yjh6kd9qOy_88/rs:fit/g:sm/q:40/h:150/w:150/czM6Ly9kaXNjb2dz/LWRhdGFiYXNlLWlt/YWdlcy9SLTk3MjMw/LTE1Mjg1NjEwMTYt/NTg4Mi5qcGVn.jpeg
34622,Dynamic Syncopation,In The Red,2002,Hip Hop,Vinyl,https://i.discogs.com/aEcuVAvabTzIZ4nTMDs4M9nIEI8DQxMuB1V9BJlSUeA/rs:fit/g:sm/q:90/h:430/w:426/czM6Ly9kaXNjb2dz/LWRhdGFiYXNlLWlt/YWdlcy9SLTM0NjIy/LTExMjE1MTU4NDcu/anBn.jpeg,https://i.discogs.com/VfHMvGScqllWslFP_svpgYTj80sq83L_TFKZFczgB_w/rs:fit/g:sm/q:40/h:150/w:150/czM6Ly9kaXNjb2dz/LWRhdGFiYXNlLWlt/YWdlcy9SLTM0NjIy/LTExMjE1MTU4NDcu/anBn.jpeg
2578939,Los,Under The Dragons Wings,2007,Rock,Vinyl,https://i.discogs.com/R26ufLUNdSPWGLhtWsfDzI6Xx7ynLQTHhUU-x3PufJw/rs:fit/g:sm/q:90/h:516/w:516/czM6Ly9kaXNjb2dz/LWRhdGFiYXNlLWlt/YWdlcy9SLTI1Nzg5/MzktMTQ4NjI2MjQ3/Ni02ODIzLmpwZWc.jpeg,https://i.discogs.com/Nz60IDaG5W4ZIZ9VwAio_1qeqTXySLDuDFajM2HuB6M/rs:fit/g:sm/q:40/h:150/w:150/czM6Ly9kaXNjb2dz/LWRhdGFiYXNlLWlt/YWdlcy9SLTI1Nzg5/MzktMTQ4NjI2MjQ3/Ni02ODIzLmpwZWc.jpeg
2578932,Los,Ba Ba Ba,2008,Rock,Vinyl,https://i.discogs.com/g4QyK9PgSdoiovbqaHeau3CnCULM7xTFMPfivHy6m7g/rs:fit/g:sm/q:90/h:600/w:600/czM6Ly9kaXNjb2dz/LWRhdGFiYXNlLWlt/YWdlcy9SLTI1Nzg5/MzItMTQ4NjI2MjYw/Ni05NDYwLmpwZWc.jpeg,https://i.discogs.com/9VoR6Yfh9AuXZpYU1aq3ToOrekvnWhhQC3q_GCpVymE/rs:fit/g:sm/q:40/h:150/w:150/czM6Ly9kaXNjb2dz/LWRhdGFiYXNlLWlt/YWdlcy9SLTI1Nzg5/MzItMTQ4NjI2MjYw/Ni05NDYwLmpwZWc.jpeg
6221719,The Beatles,Revolver,2010,Rock,Vinyl,https://i.discogs.com/qI1-6rO-Qu5wboVstdY1bByakcGGTWK4-i6syN3kH-c/rs:fit/g:sm/q:90/h:600/w:600/czM6Ly9kaXNjb2dz/LWRhdGFiYXNlLWlt/YWdlcy9SLTYyMjE3/MTktMTQxNDA3NTgw/My0zMDA1LmpwZWc.jpeg,https://i.discogs.com/w9Xfg4BoLJdwJipl-IwBy5kDdmz4CYWuk3AyQQ6-WlM/rs:fit/g:sm/q:40/h:150/w:150/czM6Ly9kaXNjb2dz/LWRhdGFiYXNlLWlt/YWdlcy9SLTYyMjE3/MTktMTQxNDA3NTgw/My0zMDA1LmpwZWc.jpeg
1067532,Babyshambles,Delivery,2007,Rock,Vinyl,https://i.discogs.com/qSwHAhlGDJpEPFcNK81pOPniL6qf77KTMocJ0sPlGTI/rs:fit/g:sm/q:90/h:600/w:600/czM6Ly9kaXNjb2dz/LWRhdGFiYXNlLWlt/YWdlcy9SLTEwNjc1/MzItMTIwMzc5NzQ0/Ni5qcGVn.jpeg,https://i.discogs.com/zxOeujm3-PK8ESJswVuNV4rzdeLKTub31LUVhQ8apMk/rs:fit/g:sm/q:40/h:150/w:150/czM6Ly9kaXNjb2dz/LWRhdGFiYXNlLWlt/YWdlcy9SLTEwNjc1/MzItMTIwMzc5NzQ0/Ni5qcGVn.jpeg
4953644,The Beatles,A Hard Day's Night,1964,Rock,Vinyl,https://i.discogs.com/E0d3Hqblw-xCaFr60c2Z-yetYRxx2fcQ4dD9AHfOd9o/rs:fit/g:sm/q:90/h:595/w:593/czM6Ly9kaXNjb2dz/LWRhdGFiYXNlLWlt/YWdlcy9SLTQ5NTM2/NDQtMTM5MTY5NTg1/Ni0xNTE0LmpwZWc.jpeg,https://i.discogs.com/kAUbA0aHglMyWmsCaXHNs4gl_S9HbthICHS25m-Fkv4/rs:fit/g:sm/q:40/h:150/w:150/czM6Ly9kaXNjb2dz/LWRhdGFiYXNlLWlt/YWdlcy9SLTQ5NTM2/NDQtMTM5MTY5NTg1/Ni0xNTE0LmpwZWc.jpeg
375379,The Beatles,Rubber Soul,1965,Rock,Vinyl,https://i.discogs.com/Q1st7EjUitoS6AIlFvHVc4tgauI8ZRtx2Mh4ASKKBQ0/rs:fit/g:sm/q:90/h:600/w:600/czM6Ly9kaXNjb2dz/LWRhdGFiYXNlLWlt/YWdlcy9SLTM3NTM3/OS0xMzY0Mzk0NzU4/LTYyMjQuanBlZw.jpeg,https://i.discogs.com/CfJYPq0D4AEE1NYn85L2G0eAHO36AvS3MBeazMS60Lc/rs:fit/g:sm/q:40/h:150/w:150/czM6Ly9kaXNjb2dz/LWRhdGFiYXNlLWlt/YWdlcy9SLTM3NTM3/OS0xMzY0Mzk0NzU4/LTYyMjQuanBlZw.jpeg
1345188,Coldplay,Violet Hill,2008,Rock,Vinyl,https://i.discogs.com/pbhBLpasgQ_bAeAz8MwbFKC3GsqFlDJ2gBOJL84F03k/rs:fit/g:sm/q:90/h:600/w:600/czM6Ly9kaXNjb2dz/LWRhdGFiYXNlLWlt/YWdlcy9SLTEzNDUx/ODgtMTMwNTIyMTg1/NS5qcGVn.jpeg,https://i.discogs.com/g8QXsWf9aZ4DhFYJLPSuQr4Z3iHf4vJmMlf1w7XK8JI/rs:fit/g:sm/q:40/h:150/w:150/czM6Ly9kaXNjb2dz/LWRhdGFiYXNlLWlt/YWdlcy9SLTEzNDUx/ODgtMTMwNTIyMTg1/NS5qcGVn.jpeg
768701,Phil Spector,Echoes Of The 60's,1977,Rock,Vinyl,https://i.discogs.com/5V7X12-Ns7dJl7Vh1raKGWZs8eiSVtvzDVAeoHjM6ho/rs:fit/g:sm/q:90/h:600/w:598/czM6Ly9kaXNjb2dz/LWRhdGFiYXNlLWlt/YWdlcy9SLTc2ODcw/MS0xMzc2OTM5NjM0/LTM5NDAuanBlZw.jpeg,https://i.discogs.com/7jxZ3Gwa3VEjR70fD1gcANdobHQYawkSjT3Ixm80Q54/rs:fit/g:sm/q:40/h:150/w:150/czM6Ly9kaXNjb2dz/LWRhdGFiYXNlLWlt/YWdlcy9SLTc2ODcw/MS0xMzc2OTM5NjM0/LTM5NDAuanBlZw.jpeg
607028,Harry Secombe,How To Win An Election (Or Not Lose By Much),1964,Non-Music,Vinyl,https://i.discogs.com/jpK4gXiVBEv9a1PLHR_5b61KgOcR8IZKSAbKt1DvZEs/rs:fit/g:sm/q:90/h:500/w:500/czM6Ly9kaXNjb2dz/LWRhdGFiYXNlLWlt/YWdlcy9SLTYwNzAy/OC0xNDQwNTA4NjQx/LTQ1OTQuanBlZw.jpeg,https://i.discogs.com/qVW1UDo3znFLoFLzNtRSqvp7K8RTLVo6G3aC4HehOGY/rs:fit/g:sm/q:40/h:150/w:150/czM6Ly9kaXNjb2dz/LWRhdGFiYXNlLWlt/YWdlcy9SLTYwNzAy/OC0xNDQwNTA4NjQx/LTQ1OTQuanBlZw.jpeg
4033838,Benny Goodman,The Famous 1938 Carnegie Hall Jazz Concert,1954,Jazz,Vinyl,https://i.discogs.com/mSiEnrUKP3Ul-YMAuGNpUlAhFK23Sm8lUcdu9mz32xI/rs:fit/g:sm/q:90/h:320/w:320/czM6Ly9kaXNjb2dz/LWRhdGFiYXNlLWlt/YWdlcy9SLTQwMzM4/MzgtMTM1MzAyMTAy/NC02MjIwLmpwZWc.jpeg,https://i.discogs.com/BQmIAMw_FVQUhrUiIX_pKy2syiWVAFQodo0XHHdm8Pw/rs:fit/g:sm/q:40/h:150/w:150/czM6Ly9kaXNjb2dz/LWRhdGFiYXNlLWlt/YWdlcy9SLTQwMzM4/MzgtMTM1MzAyMTAy/NC02MjIwLmpwZWc.jpeg
9287809,Pink Floyd,The Dark Side Of The Moon,2016,Rock,Vinyl,https://i.discogs.com/D7Lv-E5A2O2USX79WKD-MjV_4tBvfEpf3BV1cOXoyF0/rs:fit/g:sm/q:90/h:600/w:600/czM6Ly9kaXNjb2dz/LWRhdGFiYXNlLWlt/YWdlcy9SLTkyODc4/MDktMTQ3ODEwNTc4/MS03MDM5LmpwZWc.jpeg,https://i.discogs.com/ufakBzNoUCicPx0ksKoyjoO9O4LI1Bhw4dHQuOPWwR4/rs:fit/g:sm/q:40/h:150/w:150/czM6Ly9kaXNjb2dz/LWRhdGFiYXNlLWlt/YWdlcy9SLTkyODc4/MDktMTQ3ODEwNTc4/MS03MDM5LmpwZWc.jpeg
2397733,Antonio Carlos Jobim,Antonio Carlos Jobim Plays Jobim,1974,Jazz,Vinyl,https://i.discogs.com/z7X1WkNgmFggSP8x6PgG7KrS48biE3msXxbLD_H3Ukk/rs:fit/g:sm/q:90/h:600/w:600/czM6Ly9kaXNjb2dz/LWRhdGFiYXNlLWlt/YWdlcy9SLTIzOTc3/MzMtMTMyNjc2Mzk4/NC5qcGVn.jpeg,https://i.discogs.com/mWdzjNtwVBCQ-ED_zCFJcDW5-IimvrgkJLO1vp_WCsE/rs:fit/g:sm/q:40/h:150/w:150/czM6Ly9kaXNjb2dz/LWRhdGFiYXNlLWlt/YWdlcy9SLTIzOTc3/MzMtMTMyNjc2Mzk4/NC5qcGVn.jpeg
4013610,The Jam,In The City,1977,Rock,Vinyl,https://i.discogs.com/Hww8B0whmPzZ6enm5dzbUneFp85HAk7pilE9OIPXF1w/rs:fit/g:sm/q:90/h:606/w:600/czM6Ly9kaXNjb2dz/LWRhdGFiYXNlLWlt/YWdlcy9SLTQwMTM2/MTAtMTQ0ODAwMzUz/NS05OTA1LmpwZWc.jpeg,https://i.discogs.com/g25Qg4GLJucSeLIrOAlSsuygqFUeDpOgUI_uHKXcjiM/rs:fit/g:sm/q:40/h:150/w:150/czM6Ly9kaXNjb2dz/LWRhdGFiYXNlLWlt/YWdlcy9SLTQwMTM2/MTAtMTQ0ODAwMzUz/NS05OTA1LmpwZWc.jpeg
2511330,Jean-Michel Jarre,Equinoxe,1987,Electronic,Vinyl,https://i.discogs.com/7L3_BlREAlIQEApzhxKlakMeU4ciWr3woSUMkTGEgV8/rs:fit/g:sm/q:90/h:596/w:600/czM6Ly9kaXNjb2dz/LWRhdGFiYXNlLWlt/YWdlcy9SLTI1MTEz/MzAtMTUzMDA4NzU5/My02NDk3LmpwZWc.jpeg,https://i.discogs.com/65K_gwuqmM1AXuE1ZZV2_SwQNKPY7JhwWGsa0Cv8k28/rs:fit/g:sm/q:40/h:150/w:150/czM6Ly9kaXNjb2dz/LWRhdGFiYXNlLWlt/YWdlcy9SLTI1MTEz/MzAtMTUzMDA4NzU5/My02NDk3LmpwZWc.jpeg
11540567,Deep Purple,Mark I & II,1974,Rock,Vinyl,https://i.discogs.com/B_ctwfm7Zvj9EI7BCnRc3PfeMzO9Q-WYKLXsrWjdT2A/rs:fit/g:sm/q:90/h:600/w:600/czM6Ly9kaXNjb2dz/LWRhdGFiYXNlLWlt/YWdlcy9SLTExNTQw/NTY3LTE1MTgxNzI2/NzItNDA0My5qcGVn.jpeg,https://i.discogs.com/0LFMnguV_fGkin9NLxTsF8-qIcyZcHFbUCs3a7gJ8zc/rs:fit/g:sm/q:40/h:150/w:150/czM6Ly9kaXNjb2dz/LWRhdGFiYXNlLWlt/YWdlcy9SLTExNTQw/NTY3LTE1MTgxNzI2/NzItNDA0My5qcGVn.jpeg
34122,Jacknife Lee,Kitty Litter,1999,Electronic,Vinyl,https://i.discogs.com/51hEbUyHdN074bvEpcY2dlT6KZYvzQJ8LzZHAA-6oCM/rs:fit/g:sm/q:90/h:594/w:600/czM6Ly9kaXNjb2dz/LWRhdGFiYXNlLWlt/YWdlcy9SLTM0MTIy/LTEzODQxNjc2NTQt/ODA4OS5qcGVn.jpeg,https://i.discogs.com/VkJDidTYFUu0PAbLYVAZDxrglZV69qbspSnCLgqjeJ4/rs:fit/g:sm/q:40/h:150/w:150/czM6Ly9kaXNjb2dz/LWRhdGFiYXNlLWlt/YWdlcy9SLTM0MTIy/LTEzODQxNjc2NTQt/ODA4OS5qcGVn.jpeg
1152307,B.T. Express,Do It ('Til You're Satisfied),1974,Funk / Soul,Vinyl,https://i.discogs.com/yJS7COSE6P6IraWa4q2smum1EnlftWArkHMguNq6Zic/rs:fit/g:sm/q:90/h:550/w:550/czM6Ly9kaXNjb2dz/LWRhdGFiYXNlLWlt/YWdlcy9SLTExNTIz/MDctMTIxNTA5MTU0/OS5qcGVn.jpeg,https://i.discogs.com/tHqadYovW8a9KOcooaowgqyJUdG7N_mKqKdudNreZMM/rs:fit/g:sm/q:40/h:150/w:150/czM6Ly9kaXNjb2dz/LWRhdGFiYXNlLWlt/YWdlcy9SLTExNTIz/MDctMTIxNTA5MTU0/OS5qcGVn.jpeg
1348355,Elvis Presley,Let's Be Friends,1970,Rock,Vinyl,https://i.discogs.com/EyNMwdWVx87OkFISMf5RDwrIsVFr7E6447ungLPLuPY/rs:fit/g:sm/q:90/h:429/w:426/czM6Ly9kaXNjb2dz/LWRhdGFiYXNlLWlt/YWdlcy9SLTEzNDgz/NTUtMTI5NzkwMzI1/My5qcGVn.jpeg,https://i.discogs.com/JkA8KvMzK4oYk5RQHEYCUqnR39rakJAjYe6uw_iOOn8/rs:fit/g:sm/q:40/h:150/w:150/czM6Ly9kaXNjb2dz/LWRhdGFiYXNlLWlt/YWdlcy9SLTEzNDgz/NTUtMTI5NzkwMzI1/My5qcGVn.jpeg
2845056,José Feliciano,The Voice And Guitar Of José Feliciano,1970,Latin,Vinyl,https://i.discogs.com/DjdwOVTcNJaALOgKZiEAxgcRNcPEKk0wSQRBqZHiYgM/rs:fit/g:sm/q:90/h:598/w:600/czM6Ly9kaXNjb2dz/LWRhdGFiYXNlLWlt/YWdlcy9SLTI4NDUw/NTYtMTY1MTc3NTkx/OS0yNjkxLmpwZWc.jpeg,https://i.discogs.com/-feU-Lns_2l-HN23nJV95LFL5M4tUtyv_InrA06Y-H0/rs:fit/g:sm/q:40/h:150/w:150/czM6Ly9kaXNjb2dz/LWRhdGFiYXNlLWlt/YWdlcy9SLTI4NDUw/NTYtMTY1MTc3NTkx/OS0yNjkxLmpwZWc.jpeg
1139477,David Bowie,Aladdin Sane,1973,Rock,Vinyl,https://i.discogs.com/-oLLYYqilCWqqJvivlNE6CCAzZMszYd4KGps7VdhiEA/rs:fit/g:sm/q:90/h:620/w:600/czM6Ly9kaXNjb2dz/LWRhdGFiYXNlLWlt/YWdlcy9SLTExMzk0/NzctMTY0NTI0NTYw/NC03NjQ1LmpwZWc.jpeg,https://i.discogs.com/DqB8uQmqXBP2qhvdaIrbhYFiZ2jwX44QwnH93Kd7R5U/rs:fit/g:sm/q:40/h:150/w:150/czM6Ly9kaXNjb2dz/LWRhdGFiYXNlLWlt/YWdlcy9SLTExMzk0/NzctMTY0NTI0NTYw/NC03NjQ1LmpwZWc.jpeg
375621,David Bowie,Diamond Dogs,1974,Rock,Vinyl,https://i.discogs.com/32AZ7KxmiaqAMV6rXwtfXCocLtR3f0G4Nf18zz9NobQ/rs:fit/g:sm/q:90/h:589/w:600/czM6Ly9kaXNjb2dz/LWRhdGFiYXNlLWlt/YWdlcy9SLTM3NTYy/MS0xMzgxNzczNzk4/LTc5MjYuanBlZw.jpeg,https://i.discogs.com/o3hTIGJfsnNBg5x-L0mZVX90_f0W_ZGwuDwQLCpqucw/rs:fit/g:sm/q:40/h:150/w:150/czM6Ly9kaXNjb2dz/LWRhdGFiYXNlLWlt/YWdlcy9SLTM3NTYy/MS0xMzgxNzczNzk4/LTc5MjYuanBlZw.jpeg
2976197,Louis Armstrong And His Orchestra,Town Hall Concert Plus,0,Jazz,Vinyl,https://i.discogs.com/kB57IeRoV7Nh29nmLHpJ-tgolTq-2dseOuAf05DAkY8/rs:fit/g:sm/q:90/h:549/w:550/czM6Ly9kaXNjb2dz/LWRhdGFiYXNlLWlt/YWdlcy9SLTI5NzYx/OTctMTMxNDEzNDIz/NS5qcGVn.jpeg,https://i.discogs.com/oQbeZ9bj0tYQo6GhXmW2jmS1ClXfV_N5-fH9uD3Sto8/rs:fit/g:sm/q:40/h:150/w:150/czM6Ly9kaXNjb2dz/LWRhdGFiYXNlLWlt/YWdlcy9SLTI5NzYx/OTctMTMxNDEzNDIz/NS5qcGVn.jpeg
6541942,David Bowie,Hunky Dory,1976,Rock,Vinyl,https://i.discogs.com/YhNVsC6Mi6VP8kL5mF7BDAacXPNwLPfsQlQykbwrc7o/rs:fit/g:sm/q:90/h:600/w:600/czM6Ly9kaXNjb2dz/LWRhdGFiYXNlLWlt/YWdlcy9SLTY1NDE5/NDItMTQ0MDUxNDc3/Mi02MTA5LmpwZWc.jpeg,https://i.discogs.com/rBENZJfzJzliLEXm294BIehC0BvEqly47RXQmehN2LI/rs:fit/g:sm/q:40/h:150/w:150/czM6Ly9kaXNjb2dz/LWRhdGFiYXNlLWlt/YWdlcy9SLTY1NDE5/NDItMTQ0MDUxNDc3/Mi02MTA5LmpwZWc.jpeg
116593,Eurythmics,Revenge,1986,Electronic,Vinyl,https://i.discogs.com/njbtGc2HZy_ueTPuoAdhfUcvqqfkrg4-jUf-iZlRB98/rs:fit/g:sm/q:90/h:591/w:600/czM6Ly9kaXNjb2dz/LWRhdGFiYXNlLWlt/YWdlcy9SLTExNjU5/My0xNjY1MzEyNDQ3/LTc3NzEuanBlZw.jpeg,https://i.discogs.com/0BX6ERJgVHiHAHMFTPVD2VG3FE6lKs1sXoaxVNTePI8/rs:fit/g:sm/q:40/h:150/w:150/czM6Ly9kaXNjb2dz/LWRhdGFiYXNlLWlt/YWdlcy9SLTExNjU5/My0xNjY1MzEyNDQ3/LTc3NzEuanBlZw.jpeg
1358659,Cream (2),Disraeli Gears,1967,Rock,Vinyl,https://i.discogs.com/3i9yh27yZwwWj4xXgWO7ETHh8u4wbDYvQEBBl9-32Ec/rs:fit/g:sm/q:90/h:619/w:600/czM6Ly9kaXNjb2dz/LWRhdGFiYXNlLWlt/YWdlcy9SLTEzNTg2/NTktMTQ5NjA1NTE2/MS03NTcyLmpwZWc.jpeg,https://i.discogs.com/0G2cg1LX-boz75FMEAiSGoc72WuLxMv-K1d6ywQzOcI/rs:fit/g:sm/q:40/h:150/w:150/czM6Ly9kaXNjb2dz/LWRhdGFiYXNlLWlt/YWdlcy9SLTEzNTg2/NTktMTQ5NjA1NTE2/MS03NTcyLmpwZWc.jpeg
1725492,Cage The Elephant,Free Love / Tiny Little Robots,2007,Rock,Vinyl,https://i.discogs.com/VfgaDxmc1u5GsDwnuiitnIChw_UK9NzsPgnAatQGBsI/rs:fit/g:sm/q:90/h:500/w:500/czM6Ly9kaXNjb2dz/LWRhdGFiYXNlLWlt/YWdlcy9SLTE3MjU0/OTItMTI1NzUyMjE1/OC5qcGVn.jpeg,https://i.discogs.com/pYPFfjdD4fh292s-MgPpHkfZXjL7F0u1jyPcwIP2Bk8/rs:fit/g:sm/q:40/h:150/w:150/czM6Ly9kaXNjb2dz/LWRhdGFiYXNlLWlt/YWdlcy9SLTE3MjU0/OTItMTI1NzUyMjE1/OC5qcGVn.jpeg
1662693,Ralph McTell,Not Till Tomorrow,1972,"Folk, World, & Country",Vinyl,https://i.discogs.com/2eP615jqWKEFrZT-8u700HEVqZUi9qezbhzu8dN1np4/rs:fit/g:sm/q:90/h:596/w:600/czM6Ly9kaXNjb2dz/LWRhdGFiYXNlLWlt/YWdlcy9SLTE2NjI2/OTMtMTMzMjc5Nzcy/MC5qcGVn.jpeg,https://i.discogs.com/0F876oMH7-QxihY_O7nYrNp6mhkVpftsCMtznnfJDfg/rs:fit/g:sm/q:40/h:150/w:150/czM6Ly9kaXNjb2dz/LWRhdGFiYXNlLWlt/YWdlcy9SLTE2NjI2/OTMtMTMzMjc5Nzcy/MC5qcGVn.jpeg
4260001,Neil Young,Harvest,0,Rock,Vinyl,https://i.discogs.com/odbUJnMyMqFTHp_w1nkbiNesk-tLef7QWG2__Fk59dg/rs:fit/g:sm/q:90/h:599/w:600/czM6Ly9kaXNjb2dz/LWRhdGFiYXNlLWlt/YWdlcy9SLTQyNjAw/MDEtMTM4NzE0Mjg1/NS0yMjg0LmpwZWc.jpeg,https://i.discogs.com/0OJrqaAxUgGidKm6F0r51K-rECHHCvBGDCdYPZcGuVs/rs:fit/g:sm/q:40/h:150/w:150/czM6Ly9kaXNjb2dz/LWRhdGFiYXNlLWlt/YWdlcy9SLTQyNjAw/MDEtMTM4NzE0Mjg1/NS0yMjg0LmpwZWc.jpeg
8295484,Jimi Hendrix,Rainbow Bridge / Original Motion Picture Sound Track,1971,Rock,Vinyl,https://i.discogs.com/AwM-ZiBQXVrP05hmHQyPKeMMaP25Pu2cUMc4ONVIo2o/rs:fit/g:sm/q:90/h:611/w:600/czM6Ly9kaXNjb2dz/LWRhdGFiYXNlLWlt/YWdlcy9SLTgyOTU0/ODQtMTQ1ODg1OTYz/Ny05OTExLmpwZWc.jpeg,https://i.discogs.com/W28w4VIkOr7d95zPlzwDzu8EupJRhhxS3uPuJpB1PnQ/rs:fit/g:sm/q:40/h:150/w:150/czM6Ly9kaXNjb2dz/LWRhdGFiYXNlLWlt/YWdlcy9SLTgyOTU0/ODQtMTQ1ODg1OTYz/Ny05OTExLmpwZWc.jpeg
9104605,Rod Stewart,Foot Loose & Fancy Free,1977,Rock,Vinyl,https://i.discogs.com/hS0bkt80EvxGZpnFJoP9fmBiJv4s1rkzbI1RrYZ5h1Y/rs:fit/g:sm/q:90/h:602/w:600/czM6Ly9kaXNjb2dz/LWRhdGFiYXNlLWlt/YWdlcy9SLTkxMDQ2/MDUtMTQ3NDgzODc5/MS02NDQwLmpwZWc.jpeg,https://i.discogs.com/Ju50-sXGcDgQvJJaALIr5uyeXy_mSyXdzOcgQh4mFMA/rs:fit/g:sm/q:40/h:150/w:150/czM6Ly9kaXNjb2dz/LWRhdGFiYXNlLWlt/YWdlcy9SLTkxMDQ2/MDUtMTQ3NDgzODc5/MS02NDQwLmpwZWc.jpeg
552490,Rod Stewart,Greatest Hits Vol. 1,1979,Rock,Vinyl,https://i.discogs.com/k088Yz9dAGVXV7LCdJe8rtE9lv_l_AFazYL54_v1e_8/rs:fit/g:sm/q:90/h:600/w:600/czM6Ly9kaXNjb2dz/LWRhdGFiYXNlLWlt/YWdlcy9SLTU1MjQ5/MC0xNTQ2ODkxMjU1/LTM3MjEuanBlZw.jpeg,https://i.discogs.com/esRuGnuojFd74csyca2eoxULJLu8pz2MGkRUEkqPs-M/rs:fit/g:sm/q:40/h:150/w:150/czM6Ly9kaXNjb2dz/LWRhdGFiYXNlLWlt/YWdlcy9SLTU1MjQ5/MC0xNTQ2ODkxMjU1/LTM3MjEuanBlZw.jpeg
1686144,Breakestra,Let The Bells Ring / Lowdown Stank,2009,Funk / Soul,Vinyl,https://i.discogs.com/eyuUDmzpIq1hUrzMNhVL5-gL_aXktaN5KKS7JdCZlGY/rs:fit/g:sm/q:90/h:600/w:600/czM6Ly9kaXNjb2dz/LWRhdGFiYXNlLWlt/YWdlcy9SLTE2ODYx/NDQtMTU0NDE0NzEz/MC0zNjkwLmpwZWc.jpeg,https://i.discogs.com/8ue_HaEcIaKjhhyOoC9VWkJCW9VvNG9aLJaSSGW2lP8/rs:fit/g:sm/q:40/h:150/w:150/czM6Ly9kaXNjb2dz/LWRhdGFiYXNlLWlt/YWdlcy9SLTE2ODYx/NDQtMTU0NDE0NzEz/MC0zNjkwLmpwZWc.jpeg
6320202,The Smiths,The World Won't Listen,1987,Rock,Vinyl,https://i.discogs.com/NLz738zmIF5uyX9XlNjg3Oejw4-EU1VNoRWBu_zUbRI/rs:fit/g:sm/q:90/h:575/w:600/czM6Ly9kaXNjb2dz/LWRhdGFiYXNlLWlt/YWdlcy9SLTYzMjAy/MDItMTQxNjM5NDc5/My03MjQyLmpwZWc.jpeg,https://i.discogs.com/GPFVFzGhfGGsCYf_0KJVUj1dyNexj_1AlgSjhMfPTRY/rs:fit/g:sm/q:40/h:150/w:150/czM6Ly9kaXNjb2dz/LWRhdGFiYXNlLWlt/YWdlcy9SLTYzMjAy/MDItMTQxNjM5NDc5/My03MjQyLmpwZWc.jpeg
4726423,The Strokes,Is This It,0,Rock,Vinyl,https://i.discogs.com/E0Mq7a_zp57T18mUHS8TVE0EbRk9gw5pexWN7HnyYtc/rs:fit/g:sm/q:90/h:592/w:597/czM6Ly9kaXNjb2dz/LWRhdGFiYXNlLWlt/YWdlcy9SLTQ3MjY0/MjMtMTY1MTI3NjA2/NS02MDUxLmpwZWc.jpeg,https://i.discogs.com/55JHSgtu6obkYaDdgzYIEnrCR8R_eBST5Q8EFO0voqs/rs:fit/g:sm/q:40/h:150/w:150/czM6Ly9kaXNjb2dz/LWRhdGFiYXNlLWlt/YWdlcy9SLTQ3MjY0/MjMtMTY1MTI3NjA2/NS02MDUxLmpwZWc.jpeg
1409611,Alan Shelly,Dance Together / Song For A Dollar,2008,Funk / Soul,Vinyl,https://i.discogs.com/AAG0fklyoBjiA2HO8fdPs3dC7SwdqrYD8YcawLhVfX0/rs:fit/g:sm/q:90/h:149/w:150/czM6Ly9kaXNjb2dz/LWRhdGFiYXNlLWlt/YWdlcy9SLTE0MDk2/MTEtMTIxNzUyMzIy/Ni5qcGVn.jpeg,https://i.discogs.com/6Jv55y2LxuUs0i-LgN4oWVVbpqJPbhp7JldtkUpAihU/rs:fit/g:sm/q:40/h:150/w:150/czM6Ly9kaXNjb2dz/LWRhdGFiYXNlLWlt/YWdlcy9SLTE0MDk2/MTEtMTIxNzUyMzIy/Ni5qcGVn.jpeg
929517,The Stone Roses,The Stone Roses,2006,Rock,Vinyl,https://i.discogs.com/8Jt17OhenVyZcxAoOFaYKAjD8IO8SwhTbV9SYpSdwfo/rs:fit/g:sm/q:90/h:300/w:298/czM6Ly9kaXNjb2dz/LWRhdGFiYXNlLWlt/YWdlcy9SLTkyOTUx/Ny0xMTczOTg2NjI0/LmpwZWc.jpeg,https://i.discogs.com/CCrkZXxUZoq6MEoERleFZ2DSv1sTN7P-w-8cPNcLP0k/rs:fit/g:sm/q:40/h:150/w:150/czM6Ly9kaXNjb2dz/LWRhdGFiYXNlLWlt/YWdlcy9SLTkyOTUx/Ny0xMTczOTg2NjI0/LmpwZWc.jpeg
3416985,Stefan Grossman,Aunt Molly's Murray Farm,1973,Blues,Vinyl,https://i.discogs.com/jcOYsXtU_uUPJ3IuyiCnWTAw6ITurnRKKWI_C9uA_Pk/rs:fit/g:sm/q:90/h:600/w:600/czM6Ly9kaXNjb2dz/LWRhdGFiYXNlLWlt/YWdlcy9SLTM0MTY5/ODUtMTMyOTU5OTc2/Ny5qcGVn.jpeg,https://i.discogs.com/n4SaEo6plf_wbT6HjqffYJs48mv2MmQikLRLCgFVltA/rs:fit/g:sm/q:40/h:150/w:150/czM6Ly9kaXNjb2dz/LWRhdGFiYXNlLWlt/YWdlcy9SLTM0MTY5/ODUtMTMyOTU5OTc2/Ny5qcGVn.jpeg
1994147,Orchestra Gary Pacific,Soft Wind,2009,Jazz,Vinyl,https://i.discogs.com/ZRMXFj5xgTmtjKhxSXNCCyiDBFYAMjjL4AYstP3NCKY/rs:fit/g:sm/q:90/h:600/w:600/czM6Ly9kaXNjb2dz/LWRhdGFiYXNlLWlt/YWdlcy9SLTE5OTQx/NDctMTMwNDIzODk3/OC5qcGVn.jpeg,https://i.discogs.com/v1cTQC_Zn-aa2Sv5F9ZNY2gwbD57eqj9uNK66CNduhQ/rs:fit/g:sm/q:40/h:150/w:150/czM6Ly9kaXNjb2dz/LWRhdGFiYXNlLWlt/YWdlcy9SLTE5OTQx/NDctMTMwNDIzODk3/OC5qcGVn.jpeg
1456129,Freedom Express (2),Get Down,2008,Funk / Soul,Vinyl,https://i.discogs.com/Hr9PBshPTp1T8gP7Ih81lQU0ZhBCifg4IAvosCE3OI4/rs:fit/g:sm/q:90/h:351/w:348/czM6Ly9kaXNjb2dz/LWRhdGFiYXNlLWlt/YWdlcy9SLTE0NTYx/MjktMTIyMTA2NDQz/OS5qcGVn.jpeg,https://i.discogs.com/Is5iLk4NGkKNReapI-8HujXKamns_CpXbFBzPd9v31k/rs:fit/g:sm/q:40/h:150/w:150/czM6Ly9kaXNjb2dz/LWRhdGFiYXNlLWlt/YWdlcy9SLTE0NTYx/MjktMTIyMTA2NDQz/OS5qcGVn.jpeg
1733046,Arnold Palmer (2),Personal Golf Instructions From Driver Thru Putter,1962,Non-Music,Vinyl,https://i.discogs.com/yv8xri1naEWSa0W7qh1bIBD59f-Ibium0APJUFiElq8/rs:fit/g:sm/q:90/h:601/w:600/czM6Ly9kaXNjb2dz/LWRhdGFiYXNlLWlt/YWdlcy9SLTE3MzMw/NDYtMTUzMjM0NzU4/Ny04MTI2LmpwZWc.jpeg,https://i.discogs.com/6hKkmjcsHG3OYGiC7AXjF1e7J58wV3Oibsv8UUUfKMI/rs:fit/g:sm/q:40/h:150/w:150/czM6Ly9kaXNjb2dz/LWRhdGFiYXNlLWlt/YWdlcy9SLTE3MzMw/NDYtMTUzMjM0NzU4/Ny04MTI2LmpwZWc.jpeg
1749197,Gene Pitney,Princess In Rags,1965,Pop,Vinyl,https://i.discogs.com/Bn2k6A148p1-owVAQGI31Lb0YafZYVM_OHofiibtJRk/rs:fit/g:sm/q:90/h:600/w:594/czM6Ly9kaXNjb2dz/LWRhdGFiYXNlLWlt/YWdlcy9SLTE3NDkx/OTctMTMzMzAxNDE3/Ny5qcGVn.jpeg,https://i.discogs.com/HJ4z-VsivbDRkGKbPER1XpsCHj0XD1p5PJn8zWhgvHg/rs:fit/g:sm/q:40/h:150/w:150/czM6Ly9kaXNjb2dz/LWRhdGFiYXNlLWlt/YWdlcy9SLTE3NDkx/OTctMTMzMzAxNDE3/Ny5qcGVn.jpeg
3639769,Wildeflower,Good Girl / Amazing Discovery,2012,Rock,Vinyl,https://i.discogs.com/CV54oNn199a4nK47JNiBh24pG0AJMjWqPPm9nRTsEog/rs:fit/g:sm/q:90/h:480/w:480/czM6Ly9kaXNjb2dz/LWRhdGFiYXNlLWlt/YWdlcy9SLTM2Mzk3/NjktMTMzODQ0OTYy/NC02Njg0LmpwZWc.jpeg,https://i.discogs.com/Lu3Gpu1ts5JBKeUHGz5s0Q8IMwsvl02x-LcfjDgjm8I/rs:fit/g:sm/q:40/h:150/w:150/czM6Ly9kaXNjb2dz/LWRhdGFiYXNlLWlt/YWdlcy9SLTM2Mzk3/NjktMTMzODQ0OTYy/NC02Njg0LmpwZWc.jpeg
5831313,Unknown Artist,Rock On 25 Rock´n´Roll All Time Greats,1973,Rock,Vinyl,https://i.discogs.com/EjVJqh6U7K7ocsed-1QLJzXjME39TivUml9wLcZOz7c/rs:fit/g:sm/q:90/h:597/w:600/czM6Ly9kaXNjb2dz/LWRhdGFiYXNlLWlt/YWdlcy9SLTU4MzEz/MTMtMTY2ODg0NzQy/My04NjY2LmpwZWc.jpeg,https://i.discogs.com/DKRJZITZb_QdNQ-Gc6p6BxyAqCDF0-YCNAuA_zuv0ic/rs:fit/g:sm/q:40/h:150/w:150/czM6Ly9kaXNjb2dz/LWRhdGFiYXNlLWlt/YWdlcy9SLTU4MzEz/MTMtMTY2ODg0NzQy/My04NjY2LmpwZWc.jpeg
1409603,Jimmy Takeuchi,Sgt. Peppers / The Hens March,2008,Funk / Soul,Vinyl,https://i.discogs.com/0sYUWMDtLrsFHU8eQyfZP3msXeK4zmw3kcOEts0Ki9c/rs:fit/g:sm/q:90/h:149/w:150/czM6Ly9kaXNjb2dz/LWRhdGFiYXNlLWlt/YWdlcy9SLTE0MDk2/MDMtMTIxNzUyMjc1/Ni5qcGVn.jpeg,https://i.discogs.com/Wb6YPRARixWYk51o4puQsHVgPteGx3nH-WBCdePHlf4/rs:fit/g:sm/q:40/h:150/w:150/czM6Ly9kaXNjb2dz/LWRhdGFiYXNlLWlt/YWdlcy9SLTE0MDk2/MDMtMTIxNzUyMjc1/Ni5qcGVn.jpeg
10632973,Madvillain,Madvillainy,2016,Hip Hop,Vinyl,https://i.discogs.com/MUcxuxtAYZ_5Wr_wgJRQQob7g25ahXoLsH3PhEjZkhY/rs:fit/g:sm/q:90/h:600/w:600/czM6Ly9kaXNjb2dz/LWRhdGFiYXNlLWlt/YWdlcy9SLTEwNjMy/OTczLTE1ODAyNDEz/NzgtOTk5OS5qcGVn.jpeg,https://i.discogs.com/SWl41Yula8encnKSgOa8LudpIqlifnUdVGVgWtOQfBI/rs:fit/g:sm/q:40/h:150/w:150/czM6Ly9kaXNjb2dz/LWRhdGFiYXNlLWlt/YWdlcy9SLTEwNjMy/OTczLTE1ODAyNDEz/NzgtOTk5OS5qcGVn.jpeg
1750296,The Shangri-Las,Leader Of The Pack,1981,Rock,Vinyl,https://i.discogs.com/dTu1o_kbyHRJqK-eidAnGTDB0JEGY_n5ZyLXbmTCOn0/rs:fit/g:sm/q:90/h:595/w:600/czM6Ly9kaXNjb2dz/LWRhdGFiYXNlLWlt/YWdlcy9SLTE3NTAy/OTYtMTI5NDg2MDkw/MS5qcGVn.jpeg,https://i.discogs.com/ckRkFwFAfBiE7rXbV-vC7RIoDtwR4LPznaeGdpkdBb4/rs:fit/g:sm/q:40/h:150/w:150/czM6Ly9kaXNjb2dz/LWRhdGFiYXNlLWlt/YWdlcy9SLTE3NTAy/OTYtMTI5NDg2MDkw/MS5qcGVn.jpeg
6593513,Gene Krupa And His Orchestra,Rare Live Performances,1983,Jazz,Vinyl,https://i.discogs.com/OmjVJj9nU7j3EPnl0vhM2kxdA_2zDK4ctnRz4kdFfiY/rs:fit/g:sm/q:90/h:228/w:221/czM6Ly9kaXNjb2dz/LWRhdGFiYXNlLWlt/YWdlcy9SLTY1OTM1/MTMtMTQ1OTgwMDgw/OC03MjcxLmpwZWc.jpeg,https://i.discogs.com/1byCyHS5Z295fbQ2ap_NNxnCqTKvznqv8n4201uVR6M/rs:fit/g:sm/q:40/h:150/w:150/czM6Ly9kaXNjb2dz/LWRhdGFiYXNlLWlt/YWdlcy9SLTY1OTM1/MTMtMTQ1OTgwMDgw/OC03MjcxLmpwZWc.jpeg
2028699,The Supremes,'Live' At London's Talk Of The Town,1968,Funk / Soul,Vinyl,https://i.discogs.com/5cYQG_pT4xLTStkNsLNoukFcy4M8M88CleBrmkOPOAg/rs:fit/g:sm/q:90/h:601/w:600/czM6Ly9kaXNjb2dz/LWRhdGFiYXNlLWlt/YWdlcy9SLTIwMjg2/OTktMTQxODQ2NzQ1/NS0yMzg3LmpwZWc.jpeg,https://i.discogs.com/fPXEvxze5CDbr6bPLb-azHsCWvQnQSEDBhPIv7BKc6g/rs:fit/g:sm/q:40/h:150/w:150/czM6Ly9kaXNjb2dz/LWRhdGFiYXNlLWlt/YWdlcy9SLTIwMjg2/OTktMTQxODQ2NzQ1/NS0yMzg3LmpwZWc.jpeg
4215405,Stevie Wonder,Songs In The Key Of Life,1976,Funk / Soul,Vinyl,https://i.discogs.com/KBvDJ1rRKL5or5iFqJIqSudhQ038hfMhMQ6ZMhiQ37s/rs:fit/g:sm/q:90/h:592/w:600/czM6Ly9kaXNjb2dz/LWRhdGFiYXNlLWlt/YWdlcy9SLTQyMTU0/MDUtMTUyNTk4MDQ2/MC0zOTg0LmpwZWc.jpeg,https://i.discogs.com/Zprm8I8I8f1aKJBoUoIMoTGXHmoPy1J0AH8NaQpz7Qw/rs:fit/g:sm/q:40/h:150/w:150/czM6Ly9kaXNjb2dz/LWRhdGFiYXNlLWlt/YWdlcy9SLTQyMTU0/MDUtMTUyNTk4MDQ2/MC0zOTg0LmpwZWc.jpeg
1874718,Martha Reeves & The Vandellas,Heat Wave,1986,Funk / Soul,Vinyl,https://i.discogs.com/d4M4LKWkMt-Lh-f4g6eeoj-Azqsynq-odDggl0EqH6M/rs:fit/g:sm/q:90/h:600/w:600/czM6Ly9kaXNjb2dz/LWRhdGFiYXNlLWlt/YWdlcy9SLTE4NzQ3/MTgtMTU2NjE1NTI4/MC03MzI1LmpwZWc.jpeg,https://i.discogs.com/i0orOfvHYdBeOh_sIjFouYlewSkV32CMCum9N8CJZnE/rs:fit/g:sm/q:40/h:150/w:150/czM6Ly9kaXNjb2dz/LWRhdGFiYXNlLWlt/YWdlcy9SLTE4NzQ3/MTgtMTU2NjE1NTI4/MC03MzI1LmpwZWc.jpeg
4583364,The Ink Spots,The Ink Spots In Hi-Fi,1957,Jazz,Vinyl,https://i.discogs.com/Iqn8q9Pw_cMpY49XgsXmgI2UzLtI_diAWJ2pVBakn3E/rs:fit/g:sm/q:90/h:600/w:600/czM6Ly9kaXNjb2dz/LWRhdGFiYXNlLWlt/YWdlcy9SLTQ1ODMz/NjQtMTM2OTA3MjE4/OC05ODA3LmpwZWc.jpeg,https://i.discogs.com/e-hiPdPO8cf1fbm8ffQfReMsUeX89DFFov-f05y18eg/rs:fit/g:sm/q:40/h:150/w:150/czM6Ly9kaXNjb2dz/LWRhdGFiYXNlLWlt/YWdlcy9SLTQ1ODMz/NjQtMTM2OTA3MjE4/OC05ODA3LmpwZWc.jpeg
1270606,Summer (9),Flying Home,1979,Funk / Soul,Vinyl,https://i.discogs.com/tiWkSNBeg6g1h_VG-1Npdur0vOWBVuK2Rmt0KdEoAaA/rs:fit/g:sm/q:90/h:599/w:600/czM6Ly9kaXNjb2dz/LWRhdGFiYXNlLWlt/YWdlcy9SLTEyNzA2/MDYtMTUwMTI1MTM3/My0yODc0LmpwZWc.jpeg,https://i.discogs.com/ivCf8tMeK4y9af0bnXitdqqIfpeONtJYyEODXMq-rnE/rs:fit/g:sm/q:40/h:150/w:150/czM6Ly9kaXNjb2dz/LWRhdGFiYXNlLWlt/YWdlcy9SLTEyNzA2/MDYtMTUwMTI1MTM3/My0yODc0LmpwZWc.jpeg
5793645,Murray Roman,You Can't Beat People Up And Have Them Say I Love You,1968,Non-Music,Vinyl,https://i.discogs.com/ZEthhcUwV-ESz62uwxos2Cop1vge2yYF1Oksp2Z0IrU/rs:fit/g:sm/q:90/h:600/w:600/czM6Ly9kaXNjb2dz/LWRhdGFiYXNlLWlt/YWdlcy9SLTU3OTM2/NDUtMTQwMjg0MjI2/Ny0zNDE1LmpwZWc.jpeg,https://i.discogs.com/Jq1Mqf377wqiQEuuGoOJU4-Sq0waj0CnL7owMoODhLU/rs:fit/g:sm/q:40/h:150/w:150/czM6Ly9kaXNjb2dz/LWRhdGFiYXNlLWlt/YWdlcy9SLTU3OTM2/NDUtMTQwMjg0MjI2/Ny0zNDE1LmpwZWc.jpeg
9963194,Klaus Weiss Rhythm & Sounds,Time Signals,2017,Electronic,Vinyl,https://i.discogs.com/3OOqJ4eHeMDwnWuLu1iv2ZgZ_mkcqNxD9vDHzVwRUPc/rs:fit/g:sm/q:90/h:600/w:600/czM6Ly9kaXNjb2dz/LWRhdGFiYXNlLWlt/YWdlcy9SLTk5NjMx/OTQtMTU0OTM3NzQz/NC03OTkxLmpwZWc.jpeg,https://i.discogs.com/sX85JBznyoLjDGuv3gwTK-48-StFmVGSUqs5XV_jK1I/rs:fit/g:sm/q:40/h:150/w:150/czM6Ly9kaXNjb2dz/LWRhdGFiYXNlLWlt/YWdlcy9SLTk5NjMx/OTQtMTU0OTM3NzQz/NC03OTkxLmpwZWc.jpeg
1600806,Don McLean,American Pie,1971,Rock,Vinyl,https://i.discogs.com/cAy_LOkdxCCb5TsYSd3oECY-3MA265FB8fVpuWYTN8s/rs:fit/g:sm/q:90/h:606/w:600/czM6Ly9kaXNjb2dz/LWRhdGFiYXNlLWlt/YWdlcy9SLTE2MDA4/MDYtMTQ1NjA3NjU4/Mi02NjIzLmpwZWc.jpeg,https://i.discogs.com/OKfNZUMDdq1cmfODATHQufklUzf_Tp12vuJijR45vzM/rs:fit/g:sm/q:40/h:150/w:150/czM6Ly9kaXNjb2dz/LWRhdGFiYXNlLWlt/YWdlcy9SLTE2MDA4/MDYtMTQ1NjA3NjU4/Mi02NjIzLmpwZWc.jpeg
551714,Gene Pitney,Twenty Four Hours From Tulsa,1963,Jazz,Vinyl,https://i.discogs.com/VK8LP00MytL45u6lIOlK8sO2htIQ36OVXlvqNMNd7T0/rs:fit/g:sm/q:90/h:600/w:600/czM6Ly9kaXNjb2dz/LWRhdGFiYXNlLWlt/YWdlcy9SLTU1MTcx/NC0xNDIwNzI0NTg1/LTM0NDQuanBlZw.jpeg,https://i.discogs.com/ajQYDXML-BdFYr_jPV6wHgNc2sBBai2VSSzjBBIZdfc/rs:fit/g:sm/q:40/h:150/w:150/czM6Ly9kaXNjb2dz/LWRhdGFiYXNlLWlt/YWdlcy9SLTU1MTcx/NC0xNDIwNzI0NTg1/LTM0NDQuanBlZw.jpeg
1979183,One Night Only,You And Me,2007,Rock,Vinyl,https://i.discogs.com/Fu50vMVqXD_3K4XbT4VG7L8ObIWv0gOPdOskas8yf4U/rs:fit/g:sm/q:90/h:354/w:350/czM6Ly9kaXNjb2dz/LWRhdGFiYXNlLWlt/YWdlcy9SLTE5Nzkx/ODMtMTI1NjM5MDA2/MC5qcGVn.jpeg,https://i.discogs.com/WD9xAV4zZ2GHGAeOAEw1K18Uop9tYcWIcgbUgbR7T-Y/rs:fit/g:sm/q:40/h:150/w:150/czM6Ly9kaXNjb2dz/LWRhdGFiYXNlLWlt/YWdlcy9SLTE5Nzkx/ODMtMTI1NjM5MDA2/MC5qcGVn.jpeg
2470190,One Night Only,You And Me,2007,Rock,Vinyl,https://i.discogs.com/biEOjatlRIj71btMOrH7GRZTE67z_L-vH4_2EY6G8mQ/rs:fit/g:sm/q:90/h:463/w:456/czM6Ly9kaXNjb2dz/LWRhdGFiYXNlLWlt/YWdlcy9SLTI0NzAx/OTAtMTI5Nzk3MDA3/OC5qcGVn.jpeg,https://i.discogs.com/cQh70dGqmJOlfiMjEktAuX67L-aB53P1M1Q22pnyg3o/rs:fit/g:sm/q:40/h:150/w:150/czM6Ly9kaXNjb2dz/LWRhdGFiYXNlLWlt/YWdlcy9SLTI0NzAx/OTAtMTI5Nzk3MDA3/OC5qcGVn.jpeg
9181829,Dire Straits,Alchemy - Dire Straits Live,1984,Rock,Vinyl,https://i.discogs.com/6iT9EDvjb6WOHOqHImlDrW53EzeZSwSeG_zgjivi3vs/rs:fit/g:sm/q:90/h:603/w:600/czM6Ly9kaXNjb2dz/LWRhdGFiYXNlLWlt/YWdlcy9SLTkxODE4/MjktMTQ3NjI1NDIy/NC0yNjQ4LmpwZWc.jpeg,https://i.discogs.com/y4S3HQxRjvmjdUAwvnPssCIYBdcU8_1MoXFSY5BLxuY/rs:fit/g:sm/q:40/h:150/w:150/czM6Ly9kaXNjb2dz/LWRhdGFiYXNlLWlt/YWdlcy9SLTkxODE4/MjktMTQ3NjI1NDIy/NC0yNjQ4LmpwZWc.jpeg
3727910,Phil Collins,No Jacket Required,1985,Rock,Vinyl,https://i.discogs.com/ESPPzkUC2nTrRAc9icAPThmHml5_YfiHn4me-IZtgG4/rs:fit/g:sm/q:90/h:598/w:600/czM6Ly9kaXNjb2dz/LWRhdGFiYXNlLWlt/YWdlcy9SLTM3Mjc5/MTAtMTM0MTk3MTIx/OS0xMzU3LmpwZWc.jpeg,https://i.discogs.com/qD9ggB-0SwfEQsA9mDjNr_Vr9-H9y6EI4Lf9R0Kknvs/rs:fit/g:sm/q:40/h:150/w:150/czM6Ly9kaXNjb2dz/LWRhdGFiYXNlLWlt/YWdlcy9SLTM3Mjc5/MTAtMTM0MTk3MTIx/OS0xMzU3LmpwZWc.jpeg
1740939,Mike Oldfield,Tubular Bells,1973,Rock,Vinyl,https://i.discogs.com/Gc_QJU9FhF2d1MmPRGra5ySIbk6_o_nxVTWwuw54kGU/rs:fit/g:sm/q:90/h:600/w:600/czM6Ly9kaXNjb2dz/LWRhdGFiYXNlLWlt/YWdlcy9SLTE3NDA5/MzktMTM3NDEzOTU4/MC01MzM1LmpwZWc.jpeg,https://i.discogs.com/bRGs5F483BZ8QbNYKwYR4vPIiUY2rlS2EW5ASHj9rrA/rs:fit/g:sm/q:40/h:150/w:150/czM6Ly9kaXNjb2dz/LWRhdGFiYXNlLWlt/YWdlcy9SLTE3NDA5/MzktMTM3NDEzOTU4/MC01MzM1LmpwZWc.jpeg
1058105,Feargal Sharkey,Loving You,1985,Electronic,Vinyl,https://i.discogs.com/ETCoeEVVg78mh_xjmeOgmYOv4g6HDUzot_ViEmCI6VA/rs:fit/g:sm/q:90/h:608/w:600/czM6Ly9kaXNjb2dz/LWRhdGFiYXNlLWlt/YWdlcy9SLTEwNTgx/MDUtMTUzMjk4MzQ0/Mi03OTAwLmpwZWc.jpeg,https://i.discogs.com/PPdl5bvLMegAwKIrgSNwVWa6rN-qbrBPA7pzSQE7LGc/rs:fit/g:sm/q:40/h:150/w:150/czM6Ly9kaXNjb2dz/LWRhdGFiYXNlLWlt/YWdlcy9SLTEwNTgx/MDUtMTUzMjk4MzQ0/Mi03OTAwLmpwZWc.jpeg
3952601,The Human League,Dare!,1981,Electronic,Vinyl,https://i.discogs.com/7kQa_6onlIcGw1R9Rl0OLrZE4ntWYmz8BBQXPh6D8xQ/rs:fit/g:sm/q:90/h:591/w:600/czM6Ly9kaXNjb2dz/LWRhdGFiYXNlLWlt/YWdlcy9SLTM5NTI2/MDEtMTM1MTMyMDI5/Ny0xNjM1LmpwZWc.jpeg,https://i.discogs.com/ohQPhFuQul6BJdZATUkqUj3vOeYk9LkdUdwRN2wLnmg/rs:fit/g:sm/q:40/h:150/w:150/czM6Ly9kaXNjb2dz/LWRhdGFiYXNlLWlt/YWdlcy9SLTM5NTI2/MDEtMTM1MTMyMDI5/Ny0xNjM1LmpwZWc.jpeg
1328502,George Benson,The George Benson Collection,1981,Jazz,Vinyl,https://i.discogs.com/V2qAolWeWPLamCZ59bvSM2cs9tX1U9ux_32ZanHfmoE/rs:fit/g:sm/q:90/h:603/w:600/czM6Ly9kaXNjb2dz/LWRhdGFiYXNlLWlt/YWdlcy9SLTEzMjg1/MDItMTU3OTQ5ODUw/NS0xMjU0LmpwZWc.jpeg,https://i.discogs.com/LvKmtuiTL_-3v_ASCh5T883JlRHTLViIqOrVSYeLxro/rs:fit/g:sm/q:40/h:150/w:150/czM6Ly9kaXNjb2dz/LWRhdGFiYXNlLWlt/YWdlcy9SLTEzMjg1/MDItMTU3OTQ5ODUw/NS0xMjU0LmpwZWc.jpeg
6681095,Fleetwood Mac,Rumours,1977,Rock,Vinyl,https://i.discogs.com/xVO4Ff5wc3ZSIuwu5fdCtQQoWblJ1zlW1VK5RExatUI/rs:fit/g:sm/q:90/h:598/w:600/czM6Ly9kaXNjb2dz/LWRhdGFiYXNlLWlt/YWdlcy9SLTY2ODEw/OTUtMTU4MTU1MDA5/OC0zNjMxLmpwZWc.jpeg,https://i.discogs.com/BuqBPHrgzmRqFQWopSWiIwPWRIbEF7RNqgRN_HhIQk8/rs:fit/g:sm/q:40/h:150/w:150/czM6Ly9kaXNjb2dz/LWRhdGFiYXNlLWlt/YWdlcy9SLTY2ODEw/OTUtMTU4MTU1MDA5/OC0zNjMxLmpwZWc.jpeg
1671384,Johnny Harris,Stepping Stones / Footprints On The Moon,2009,Jazz,Vinyl,https://i.discogs.com/Vh1EAbNbEpKiZgzJQofvhTqw0SmewuXkrpjskOYI9N8/rs:fit/g:sm/q:90/h:504/w:499/czM6Ly9kaXNjb2dz/LWRhdGFiYXNlLWlt/YWdlcy9SLTE2NzEz/ODQtMTIzNjAxMDM2/NS5qcGVn.jpeg,https://i.discogs.com/Ngs5pkEzsbhzeIzDmmBkVlIInoiY9Vxek6zC7VeHs6M/rs:fit/g:sm/q:40/h:150/w:150/czM6Ly9kaXNjb2dz/LWRhdGFiYXNlLWlt/YWdlcy9SLTE2NzEz/ODQtMTIzNjAxMDM2/NS5qcGVn.jpeg
4954046,George Benson,Give Me The Night,1980,Funk / Soul,Vinyl,https://i.discogs.com/YIewxRpPPl4ihwT1c6KQ_GiK0xxhC-0XmYGskyu9lFk/rs:fit/g:sm/q:90/h:600/w:598/czM6Ly9kaXNjb2dz/LWRhdGFiYXNlLWlt/YWdlcy9SLTQ5NTQw/NDYtMTM4MDQ3NjE5/Mi0yOTg4LmpwZWc.jpeg,https://i.discogs.com/cqtTOuT0UKoc3WwEQ-8JwwR0JKKiD2kXjs93VndFCHQ/rs:fit/g:sm/q:40/h:150/w:150/czM6Ly9kaXNjb2dz/LWRhdGFiYXNlLWlt/YWdlcy9SLTQ5NTQw/NDYtMTM4MDQ3NjE5/Mi0yOTg4LmpwZWc.jpeg
892127,Fleetwood Mac,Tusk,1979,Rock,Vinyl,https://i.discogs.com/aUFW3Xr-jtXgcc0GES44hUHZaoHmzvd-NoilbKp-PsU/rs:fit/g:sm/q:90/h:598/w:600/czM6Ly9kaXNjb2dz/LWRhdGFiYXNlLWlt/YWdlcy9SLTg5MjEy/Ny0xMzk2NDM5ODY2/LTk1MTUuanBlZw.jpeg,https://i.discogs.com/lBIax3FtvTqSY-hCx2o60yqrz3DAB8kqGguc8PCrapE/rs:fit/g:sm/q:40/h:150/w:150/czM6Ly9kaXNjb2dz/LWRhdGFiYXNlLWlt/YWdlcy9SLTg5MjEy/Ny0xMzk2NDM5ODY2/LTk1MTUuanBlZw.jpeg
2556904,The Cribs,"Men's Needs, Women's Needs, Whatever",2007,Rock,Vinyl,https://i.discogs.com/3PGdB_UCbMhY1A7Ozv7K99g5paAjD0dSw-mGFny-1hA/rs:fit/g:sm/q:90/h:500/w:500/czM6Ly9kaXNjb2dz/LWRhdGFiYXNlLWlt/YWdlcy9SLTI1NTY5/MDQtMTQ5MjQwNTA5/OS0xOTQ3LmpwZWc.jpeg,https://i.discogs.com/4pjLuegwiqY5-T7UcB6JI7j4V0xzmfwyWazKS47OuMg/rs:fit/g:sm/q:40/h:150/w:150/czM6Ly9kaXNjb2dz/LWRhdGFiYXNlLWlt/YWdlcy9SLTI1NTY5/MDQtMTQ5MjQwNTA5/OS0xOTQ3LmpwZWc.jpeg
4188470,Simply Red,Picture Book,1985,Electronic,Vinyl,https://i.discogs.com/oQdIbIPBaCnvPo3dbOx6v8jvR5DoLep1wwCnLgc17D4/rs:fit/g:sm/q:90/h:600/w:600/czM6Ly9kaXNjb2dz/LWRhdGFiYXNlLWlt/YWdlcy9SLTQxODg0/NzAtMTQ4ODYyNjU4/Ny05MTE2LmpwZWc.jpeg,https://i.discogs.com/x0CtGV7oke0LAPLd068kfU9l0oEHiLfoTYa4396Y6MU/rs:fit/g:sm/q:40/h:150/w:150/czM6Ly9kaXNjb2dz/LWRhdGFiYXNlLWlt/YWdlcy9SLTQxODg0/NzAtMTQ4ODYyNjU4/Ny05MTE2LmpwZWc.jpeg
2236481,The Cribs,The Cribs,2010,Rock,Vinyl,https://i.discogs.com/d5FqPzNuRf9gDHc4QhKYGnuTebxVjH5JTKo7YABuEAc/rs:fit/g:sm/q:90/h:601/w:600/czM6Ly9kaXNjb2dz/LWRhdGFiYXNlLWlt/YWdlcy9SLTIyMzY0/ODEtMTQzOTU3NDU2/MS03Nzc1LmpwZWc.jpeg,https://i.discogs.com/8oxL5XhaJjpecWDCVrjtgE_kbMwYZOMAaemqPcepGWk/rs:fit/g:sm/q:40/h:150/w:150/czM6Ly9kaXNjb2dz/LWRhdGFiYXNlLWlt/YWdlcy9SLTIyMzY0/ODEtMTQzOTU3NDU2/MS03Nzc1LmpwZWc.jpeg
2403586,Best Coast,Crazy For You,2010,Rock,Vinyl,https://i.discogs.com/b5KHyRiJPEiVGkp-PGp4n_w4yjDyOxUW-JEnzg0lU8M/rs:fit/g:sm/q:90/h:400/w:400/czM6Ly9kaXNjb2dz/LWRhdGFiYXNlLWlt/YWdlcy9SLTI0MDM1/ODYtMTI4MjA4MDAw/My5qcGVn.jpeg,https://i.discogs.com/cN1zCP_bacvtj-VUmcWWX2FjTXVuBofPk7gKnj7nuOY/rs:fit/g:sm/q:40/h:150/w:150/czM6Ly9kaXNjb2dz/LWRhdGFiYXNlLWlt/YWdlcy9SLTI0MDM1/ODYtMTI4MjA4MDAw/My5qcGVn.jpeg
3607620,Best Coast,The Only Place,2012,Rock,Vinyl,https://i.discogs.com/FEz3pHsb-yqhLQA8rcb6ok9cXZ-8bOnsYK5wX0_118Q/rs:fit/g:sm/q:90/h:300/w:300/czM6Ly9kaXNjb2dz/LWRhdGFiYXNlLWlt/YWdlcy9SLTM2MDc2/MjAtMTMzNzE4MTcw/Ni0yNDU2LmpwZWc.jpeg,https://i.discogs.com/8mZ80mA0y0E4URtrEznhiA2-eQj8eCJmY_VRXxEZsfo/rs:fit/g:sm/q:40/h:150/w:150/czM6Ly9kaXNjb2dz/LWRhdGFiYXNlLWlt/YWdlcy9SLTM2MDc2/MjAtMTMzNzE4MTcw/Ni0yNDU2LmpwZWc.jpeg
2214277,Bloc Party,Silent Alarm,2010,Rock,Vinyl,https://i.discogs.com/1D4Iz01f-biVoMfg_Fts4doYpHaR9aLrragqw4McMAc/rs:fit/g:sm/q:90/h:600/w:600/czM6Ly9kaXNjb2dz/LWRhdGFiYXNlLWlt/YWdlcy9SLTIyMTQy/NzctMTQ0ODg0MTUw/Ni0yMTY0LmpwZWc.jpeg,https://i.discogs.com/FVp09SC02L-3LNPdFYcPcYjuSw_PskZpnnUiAsvhaQY/rs:fit/g:sm/q:40/h:150/w:150/czM6Ly9kaXNjb2dz/LWRhdGFiYXNlLWlt/YWdlcy9SLTIyMTQy/NzctMTQ0ODg0MTUw/Ni0yMTY0LmpwZWc.jpeg
17150,Len,Steal My Sunshine (Remixes),1999,Electronic,Vinyl,https://i.discogs.com/1RwPaqpYg7c_i1keDgAi4Oabpbjy6YUebkl2aQhF_2E/rs:fit/g:sm/q:90/h:593/w:595/czM6Ly9kaXNjb2dz/LWRhdGFiYXNlLWlt/YWdlcy9SLTE3MTUw/LTEyOTg1ODQ2OTgu/anBlZw.jpeg,https://i.discogs.com/XmjMSeAqrpuEtpHpRfiwIefhMHAIruXdtyu9u6NI2hM/rs:fit/g:sm/q:40/h:150/w:150/czM6Ly9kaXNjb2dz/LWRhdGFiYXNlLWlt/YWdlcy9SLTE3MTUw/LTEyOTg1ODQ2OTgu/anBlZw.jpeg
659553,Midnight Juggernauts,Raised By Wolves / Heartbleeder,2006,Rock,Vinyl,https://i.discogs.com/EeWmD5YUmLUTiaPIR7VXBB9vXTgo4JcQEdvXPzQcUQ4/rs:fit/g:sm/q:90/h:564/w:589/czM6Ly9kaXNjb2dz/LWRhdGFiYXNlLWlt/YWdlcy9SLTY1OTU1/My0xMTkzNTIwNzU0/LmpwZWc.jpeg,https://i.discogs.com/_XBUhtIcIj_hfF4Zh6lxmWzLC6GdXPWIzTeSr2LTBmA/rs:fit/g:sm/q:40/h:150/w:150/czM6Ly9kaXNjb2dz/LWRhdGFiYXNlLWlt/YWdlcy9SLTY1OTU1/My0xMTkzNTIwNzU0/LmpwZWc.jpeg
8043778,Jono McCleery,Bet She Does / Ten Thousand Eyes,2006,Electronic,Vinyl,https://i.discogs.com/lAQU___MizXRC41TtvkvNC6DYk3C644L4kjnZ_VN2Oc/rs:fit/g:sm/q:90/h:589/w:600/czM6Ly9kaXNjb2dz/LWRhdGFiYXNlLWlt/YWdlcy9SLTgwNDM3/NzgtMTUwNjE4Nzc2/My04MDA0LmpwZWc.jpeg,https://i.discogs.com/c7qSYsR1NnZ61sZP-nj9r0PPAFLYM2HFhZ95g1iLwXk/rs:fit/g:sm/q:40/h:150/w:150/czM6Ly9kaXNjb2dz/LWRhdGFiYXNlLWlt/YWdlcy9SLTgwNDM3/NzgtMTUwNjE4Nzc2/My04MDA0LmpwZWc.jpeg
